  [1m[35mSQL (0.3ms)[0m  [1m[35mSET search_path TO public /*application='Q224'*/[0m
  [1m[35m (171.7ms)[0m  [1m[35mCREATE DATABASE "q_224_development" ENCODING = 'unicode' /*application='Q224'*/[0m
  [1m[35mSQL (0.0ms)[0m  [1m[35mSET search_path TO public /*application='Q224'*/[0m
  [1m[35m (89.7ms)[0m  [1m[35mCREATE DATABASE "q_224_test" ENCODING = 'unicode' /*application='Q224'*/[0m
  [1m[35m (12.0ms)[0m  [1m[35mCREATE TABLE "schema_migrations" ("version" character varying NOT NULL PRIMARY KEY) /*application='Q224'*/[0m
  [1m[35m (39.2ms)[0m  [1m[35mCREATE TABLE "ar_internal_metadata" ("key" character varying NOT NULL PRIMARY KEY, "value" character varying, "created_at" timestamp(6) NOT NULL, "updated_at" timestamp(6) NOT NULL) /*application='Q224'*/[0m
  [1m[35m (1.1ms)[0m  [1m[34mSELECT pg_try_advisory_lock(3330090132723625320) /*application='Q224'*/[0m
  [1m[36mActiveRecord::SchemaMigration Load (0.7ms)[0m  [1m[34mSELECT "schema_migrations"."version" FROM "schema_migrations" ORDER BY "schema_migrations"."version" ASC /*application='Q224'*/[0m
  [1m[36mActiveRecord::InternalMetadata Load (0.6ms)[0m  [1m[34mSELECT * FROM "ar_internal_metadata" WHERE "ar_internal_metadata"."key" = 'environment' ORDER BY "ar_internal_metadata"."key" ASC LIMIT 1 /*application='Q224'*/[0m
  [1m[36mActiveRecord::InternalMetadata Create (1.0ms)[0m  [1m[32mINSERT INTO "ar_internal_metadata" ("key", "value", "created_at", "updated_at") VALUES ('environment', 'development', '2026-06-12 22:39:34.027360', '2026-06-12 22:39:34.027362') RETURNING "key" /*application='Q224'*/[0m
Migrating to CreateUsers (20260612223836)
  [1m[36mTRANSACTION (0.1ms)[0m  [1m[35mBEGIN /*application='Q224'*/[0m
  [1m[35m (7.5ms)[0m  [1m[35mCREATE TABLE "users" ("id" bigserial primary key, "name" character varying, "role" character varying, "password_digest" character varying, "created_at" timestamp(6) NOT NULL, "updated_at" timestamp(6) NOT NULL) /*application='Q224'*/[0m
  [1m[36mActiveRecord::SchemaMigration Create (0.3ms)[0m  [1m[32mINSERT INTO "schema_migrations" ("version") VALUES ('20260612223836') RETURNING "version" /*application='Q224'*/[0m
  [1m[36mTRANSACTION (0.2ms)[0m  [1m[35mCOMMIT /*application='Q224'*/[0m
Migrating to CreateGradeCorrections (20260612223844)
  [1m[36mTRANSACTION (2.0ms)[0m  [1m[35mBEGIN /*application='Q224'*/[0m
  [1m[35m (11.6ms)[0m  [1m[35mCREATE TABLE "grade_corrections" ("id" bigserial primary key, "application_no" character varying, "student_name" character varying, "student_id" character varying, "course_name" character varying, "course_code" character varying, "original_score" decimal, "corrected_score" decimal, "application_reason" text, "source" character varying, "applicant" character varying, "application_date" date, "current_owner_id" bigint, "status" character varying, "conclusion" text, "block_reason" text, "remedy_path" text, "evidence_conclusion" character varying, "notification_confirmed" boolean, "amount" decimal, "responsible_party" character varying, "critical_time" timestamp(6), "created_at" timestamp(6) NOT NULL, "updated_at" timestamp(6) NOT NULL, CONSTRAINT "fk_rails_2b0d43b153"
FOREIGN KEY ("current_owner_id")
  REFERENCES "users" ("id")
) /*application='Q224'*/[0m
  [1m[35m (1.0ms)[0m  [1m[35mCREATE INDEX "index_grade_corrections_on_current_owner_id" ON "grade_corrections" ("current_owner_id") /*application='Q224'*/[0m
  [1m[36mActiveRecord::SchemaMigration Create (0.6ms)[0m  [1m[32mINSERT INTO "schema_migrations" ("version") VALUES ('20260612223844') RETURNING "version" /*application='Q224'*/[0m
  [1m[36mTRANSACTION (0.2ms)[0m  [1m[35mCOMMIT /*application='Q224'*/[0m
Migrating to CreateProcessingNodes (20260612223852)
  [1m[36mTRANSACTION (0.4ms)[0m  [1m[35mBEGIN /*application='Q224'*/[0m
  [1m[35m (4.4ms)[0m  [1m[35mCREATE TABLE "processing_nodes" ("id" bigserial primary key, "grade_correction_id" bigint NOT NULL, "node_type" character varying, "operator_id" bigint NOT NULL, "status" character varying, "content" text, "on_site_explanation" text, "business_record" text, "created_at" timestamp(6) NOT NULL, "updated_at" timestamp(6) NOT NULL, CONSTRAINT "fk_rails_5d6ae9e80d"
FOREIGN KEY ("grade_correction_id")
  REFERENCES "grade_corrections" ("id")
, CONSTRAINT "fk_rails_26b9045e84"
FOREIGN KEY ("operator_id")
  REFERENCES "users" ("id")
) /*application='Q224'*/[0m
  [1m[35m (0.8ms)[0m  [1m[35mCREATE INDEX "index_processing_nodes_on_grade_correction_id" ON "processing_nodes" ("grade_correction_id") /*application='Q224'*/[0m
  [1m[35m (0.6ms)[0m  [1m[35mCREATE INDEX "index_processing_nodes_on_operator_id" ON "processing_nodes" ("operator_id") /*application='Q224'*/[0m
  [1m[36mActiveRecord::SchemaMigration Create (0.2ms)[0m  [1m[32mINSERT INTO "schema_migrations" ("version") VALUES ('20260612223852') RETURNING "version" /*application='Q224'*/[0m
  [1m[36mTRANSACTION (0.2ms)[0m  [1m[35mCOMMIT /*application='Q224'*/[0m
Migrating to CreateDiffRecords (20260612223859)
  [1m[36mTRANSACTION (0.2ms)[0m  [1m[35mBEGIN /*application='Q224'*/[0m
  [1m[35m (6.4ms)[0m  [1m[35mCREATE TABLE "diff_records" ("id" bigserial primary key, "grade_correction_id" bigint NOT NULL, "processing_node_id" bigint NOT NULL, "field_name" character varying, "old_value" text, "new_value" text, "operator_id" bigint NOT NULL, "created_at" timestamp(6) NOT NULL, "updated_at" timestamp(6) NOT NULL, CONSTRAINT "fk_rails_373ea6afa8"
FOREIGN KEY ("grade_correction_id")
  REFERENCES "grade_corrections" ("id")
, CONSTRAINT "fk_rails_ff861fa39d"
FOREIGN KEY ("processing_node_id")
  REFERENCES "processing_nodes" ("id")
, CONSTRAINT "fk_rails_ded90d38df"
FOREIGN KEY ("operator_id")
  REFERENCES "users" ("id")
) /*application='Q224'*/[0m
  [1m[35m (0.9ms)[0m  [1m[35mCREATE INDEX "index_diff_records_on_grade_correction_id" ON "diff_records" ("grade_correction_id") /*application='Q224'*/[0m
  [1m[35m (0.9ms)[0m  [1m[35mCREATE INDEX "index_diff_records_on_processing_node_id" ON "diff_records" ("processing_node_id") /*application='Q224'*/[0m
  [1m[35m (1.2ms)[0m  [1m[35mCREATE INDEX "index_diff_records_on_operator_id" ON "diff_records" ("operator_id") /*application='Q224'*/[0m
  [1m[36mActiveRecord::SchemaMigration Create (0.3ms)[0m  [1m[32mINSERT INTO "schema_migrations" ("version") VALUES ('20260612223859') RETURNING "version" /*application='Q224'*/[0m
  [1m[36mTRANSACTION (0.3ms)[0m  [1m[35mCOMMIT /*application='Q224'*/[0m
Migrating to CreateAttachments (20260612223907)
  [1m[36mTRANSACTION (0.4ms)[0m  [1m[35mBEGIN /*application='Q224'*/[0m
  [1m[35m (6.0ms)[0m  [1m[35mCREATE TABLE "attachments" ("id" bigserial primary key, "grade_correction_id" bigint NOT NULL, "processing_node_id" bigint NOT NULL, "file_name" character varying, "file_type" character varying, "description" text, "evidence_type" character varying, "created_at" timestamp(6) NOT NULL, "updated_at" timestamp(6) NOT NULL, CONSTRAINT "fk_rails_26a8c82f15"
FOREIGN KEY ("grade_correction_id")
  REFERENCES "grade_corrections" ("id")
, CONSTRAINT "fk_rails_49f6d1e0c3"
FOREIGN KEY ("processing_node_id")
  REFERENCES "processing_nodes" ("id")
) /*application='Q224'*/[0m
  [1m[35m (0.8ms)[0m  [1m[35mCREATE INDEX "index_attachments_on_grade_correction_id" ON "attachments" ("grade_correction_id") /*application='Q224'*/[0m
  [1m[35m (0.8ms)[0m  [1m[35mCREATE INDEX "index_attachments_on_processing_node_id" ON "attachments" ("processing_node_id") /*application='Q224'*/[0m
  [1m[36mActiveRecord::SchemaMigration Create (0.2ms)[0m  [1m[32mINSERT INTO "schema_migrations" ("version") VALUES ('20260612223907') RETURNING "version" /*application='Q224'*/[0m
  [1m[36mTRANSACTION (0.6ms)[0m  [1m[35mCOMMIT /*application='Q224'*/[0m
  [1m[35m (0.3ms)[0m  [1m[34mSELECT pg_advisory_unlock(3330090132723625320) /*application='Q224'*/[0m
  [1m[36mActiveRecord::SchemaMigration Load (0.5ms)[0m  [1m[34mSELECT "schema_migrations"."version" FROM "schema_migrations" ORDER BY "schema_migrations"."version" ASC /*application='Q224'*/[0m
  [1m[35mSQL (0.2ms)[0m  [1m[35mSET search_path TO public /*application='Q224'*/[0m
  [1m[35mSQL (0.1ms)[0m  [1m[35mSET search_path TO "$user", public /*application='Q224'*/[0m
  [1m[35mSQL (0.1ms)[0m  [1m[35mSET search_path TO public /*application='Q224'*/[0m
  [1m[35mSQL (0.1ms)[0m  [1m[35mSET search_path TO "$user", public /*application='Q224'*/[0m
  [1m[36mActiveRecord::SchemaMigration Load (0.9ms)[0m  [1m[34mSELECT "schema_migrations"."version" FROM "schema_migrations" ORDER BY "schema_migrations"."version" ASC /*application='Q224'*/[0m
  [1m[36mActiveRecord::SchemaMigration Load (0.8ms)[0m  [1m[34mSELECT "schema_migrations"."version" FROM "schema_migrations" ORDER BY "schema_migrations"."version" ASC /*application='Q224'*/[0m
  [1m[36mTRANSACTION (0.1ms)[0m  [1m[35mBEGIN /*application='Q224'*/[0m
  [1m[36mUser Load (0.9ms)[0m  [1m[34mSELECT "users".* FROM "users" WHERE "users"."name" = '张老师' LIMIT 1 /*application='Q224'*/[0m
  [1m[36mTRANSACTION (0.1ms)[0m  [1m[35mSAVEPOINT active_record_1 /*application='Q224'*/[0m
  [1m[36mUser Create (1.1ms)[0m  [1m[32mINSERT INTO "users" ("name", "role", "password_digest", "created_at", "updated_at") VALUES ('张老师', 'frontline_processor', '$2a$12$35f6bsUUA3Sz6U/8zazJy.Qe7zG6dPThui34HHmLOq9aVsgSPhp6m', '2026-06-12 22:43:46.493265', '2026-06-12 22:43:46.493265') RETURNING "id" /*application='Q224'*/[0m
  [1m[36mTRANSACTION (0.1ms)[0m  [1m[35mRELEASE SAVEPOINT active_record_1 /*application='Q224'*/[0m
  [1m[36mUser Load (0.2ms)[0m  [1m[34mSELECT "users".* FROM "users" WHERE "users"."name" = '李主任' LIMIT 1 /*application='Q224'*/[0m
  [1m[36mTRANSACTION (0.1ms)[0m  [1m[35mSAVEPOINT active_record_1 /*application='Q224'*/[0m
  [1m[36mUser Create (1.3ms)[0m  [1m[32mINSERT INTO "users" ("name", "role", "password_digest", "created_at", "updated_at") VALUES ('李主任', 'quality_reviewer', '$2a$12$6DCU/bHvax7469.B88kbkOgAkVi.zpYU3262NUSWOes/Rnqbc/M6G', '2026-06-12 22:43:46.736085', '2026-06-12 22:43:46.736085') RETURNING "id" /*application='Q224'*/[0m
  [1m[36mTRANSACTION (0.1ms)[0m  [1m[35mRELEASE SAVEPOINT active_record_1 /*application='Q224'*/[0m
  [1m[36mUser Load (0.2ms)[0m  [1m[34mSELECT "users".* FROM "users" WHERE "users"."name" = '王老师' LIMIT 1 /*application='Q224'*/[0m
  [1m[36mTRANSACTION (0.1ms)[0m  [1m[35mSAVEPOINT active_record_1 /*application='Q224'*/[0m
  [1m[36mUser Create (1.2ms)[0m  [1m[32mINSERT INTO "users" ("name", "role", "password_digest", "created_at", "updated_at") VALUES ('王老师', 'frontline_processor', '$2a$12$ha0la9suxeQV/AFX/WKkbO8xBZUBWHJVR9tGKAR46G/6CxJKyEgbW', '2026-06-12 22:43:47.022653', '2026-06-12 22:43:47.022653') RETURNING "id" /*application='Q224'*/[0m
  [1m[36mTRANSACTION (0.1ms)[0m  [1m[35mRELEASE SAVEPOINT active_record_1 /*application='Q224'*/[0m
  [1m[36mUser Load (0.2ms)[0m  [1m[34mSELECT "users".* FROM "users" WHERE "users"."name" = '赵副主任' LIMIT 1 /*application='Q224'*/[0m
  [1m[36mTRANSACTION (0.1ms)[0m  [1m[35mSAVEPOINT active_record_1 /*application='Q224'*/[0m
  [1m[36mUser Create (1.4ms)[0m  [1m[32mINSERT INTO "users" ("name", "role", "password_digest", "created_at", "updated_at") VALUES ('赵副主任', 'quality_reviewer', '$2a$12$GgLuT5OILcXZSBkitLx79eFquqSii.VdGwvxO2D0B8vewRz/IV67q', '2026-06-12 22:43:47.277106', '2026-06-12 22:43:47.277106') RETURNING "id" /*application='Q224'*/[0m
  [1m[36mTRANSACTION (0.1ms)[0m  [1m[35mRELEASE SAVEPOINT active_record_1 /*application='Q224'*/[0m
  [1m[36mUser Count (0.3ms)[0m  [1m[34mSELECT COUNT(*) FROM "users" /*application='Q224'*/[0m
  [1m[36mGradeCorrection Load (1.2ms)[0m  [1m[34mSELECT "grade_corrections".* FROM "grade_corrections" /*application='Q224'*/[0m
  [1m[36mGradeCorrection Create (1.0ms)[0m  [1m[32mINSERT INTO "grade_corrections" ("application_no", "student_name", "student_id", "course_name", "course_code", "original_score", "corrected_score", "application_reason", "source", "applicant", "application_date", "current_owner_id", "status", "conclusion", "block_reason", "remedy_path", "evidence_conclusion", "notification_confirmed", "amount", "responsible_party", "critical_time", "created_at", "updated_at") VALUES ('GC20260001', '张三', '2023001001', '高等数学', 'MATH1001', 85.0, 92.0, '期末考试卷面成绩录入错误，实际得分应为92分。经核对答题卡和评分标准，第3大题第2小题满分10分，学生答对但未给分。', 'online', '张三', '2026-06-05', 2, 'archived', '经复核，确认成绩录入错误，同意更正。原始成绩85分，更正为92分。已通知学生及任课教师。', NULL, NULL, 'sufficient', TRUE, 0.0, '教务处录入人员', '2026-06-10 22:43:47.291566', '2026-06-12 22:43:47.308168', '2026-06-12 22:43:47.308168') RETURNING "id" /*application='Q224'*/[0m
  [1m[36mProcessingNode Create (3.4ms)[0m  [1m[32mINSERT INTO "processing_nodes" ("grade_correction_id", "node_type", "operator_id", "status", "content", "on_site_explanation", "business_record", "created_at", "updated_at") VALUES (1, 'create', 2, 'archived', '申请提交', NULL, NULL, '2026-06-12 22:43:47.337271', '2026-06-12 22:43:47.337271') RETURNING "id" /*application='Q224'*/[0m
  ↳ app/models/grade_correction.rb:251:in 'GradeCorrection#create_node'
  [1m[36mProcessingNode Create (0.4ms)[0m  [1m[32mINSERT INTO "processing_nodes" ("grade_correction_id", "node_type", "operator_id", "status", "content", "on_site_explanation", "business_record", "created_at", "updated_at") VALUES (1, 'create', 1, 'pending', '学生在线提交成绩更正申请', NULL, '学生通过教务系统提交申请，附原始成绩单扫描件和答题卡照片', '2026-06-12 22:43:47.342165', '2026-06-12 22:43:47.342165') RETURNING "id" /*application='Q224'*/[0m
  [1m[36mProcessingNode Create (1.0ms)[0m  [1m[32mINSERT INTO "processing_nodes" ("grade_correction_id", "node_type", "operator_id", "status", "content", "on_site_explanation", "business_record", "created_at", "updated_at") VALUES (1, 'accept', 1, 'accepted', '受理申请，材料齐全', NULL, '核对学生身份、课程信息，申请材料完整', '2026-06-12 22:43:47.344102', '2026-06-12 22:43:47.344102') RETURNING "id" /*application='Q224'*/[0m
  [1m[36mProcessingNode Create (0.3ms)[0m  [1m[32mINSERT INTO "processing_nodes" ("grade_correction_id", "node_type", "operator_id", "status", "content", "on_site_explanation", "business_record", "created_at", "updated_at") VALUES (1, 'processing', 1, 'processing', '联系任课教师王教授核实情况', '经与王教授电话沟通并核对原始试卷，确认分数录入错误', '王教授确认评分有误，第3大题第2小题学生答案正确，应得10分', '2026-06-12 22:43:47.346361', '2026-06-12 22:43:47.346361') RETURNING "id" /*application='Q224'*/[0m
  [1m[36mProcessingNode Create (0.4ms)[0m  [1m[32mINSERT INTO "processing_nodes" ("grade_correction_id", "node_type", "operator_id", "status", "content", "on_site_explanation", "business_record", "created_at", "updated_at") VALUES (1, 'submit_review', 1, 'reviewing', '处理完成，提交复核', NULL, '已核实情况，原始成绩85分，建议更正为92分', '2026-06-12 22:43:47.347574', '2026-06-12 22:43:47.347574') RETURNING "id" /*application='Q224'*/[0m
  [1m[36mProcessingNode Create (0.4ms)[0m  [1m[32mINSERT INTO "processing_nodes" ("grade_correction_id", "node_type", "operator_id", "status", "content", "on_site_explanation", "business_record", "created_at", "updated_at") VALUES (1, 'approve', 2, 'archived', '复核通过，同意更正', NULL, '复核所有材料，确认情况属实，同意成绩更正', '2026-06-12 22:43:47.349148', '2026-06-12 22:43:47.349148') RETURNING "id" /*application='Q224'*/[0m
  [1m[36mProcessingNode Load (0.6ms)[0m  [1m[34mSELECT "processing_nodes".* FROM "processing_nodes" WHERE "processing_nodes"."grade_correction_id" = 1 ORDER BY "processing_nodes"."created_at" ASC LIMIT 1 /*application='Q224'*/[0m
  [1m[36mAttachment Create (2.3ms)[0m  [1m[32mINSERT INTO "attachments" ("grade_correction_id", "processing_node_id", "file_name", "file_type", "description", "evidence_type", "created_at", "updated_at") VALUES (1, 1, '成绩单扫描件.pdf', 'application/pdf', '学生原始成绩单', 'transcript', '2026-06-12 22:43:47.359352', '2026-06-12 22:43:47.359352') RETURNING "id" /*application='Q224'*/[0m
  [1m[36mProcessingNode Load (0.3ms)[0m  [1m[34mSELECT "processing_nodes".* FROM "processing_nodes" WHERE "processing_nodes"."grade_correction_id" = 1 ORDER BY "processing_nodes"."created_at" ASC LIMIT 1 OFFSET 2 /*application='Q224'*/[0m
  [1m[36mAttachment Create (0.3ms)[0m  [1m[32mINSERT INTO "attachments" ("grade_correction_id", "processing_node_id", "file_name", "file_type", "description", "evidence_type", "created_at", "updated_at") VALUES (1, 3, '试卷答题卡.jpg', 'image/jpeg', '学生答题卡照片，显示第3大题第2小题答对', 'exam_paper', '2026-06-12 22:43:47.363898', '2026-06-12 22:43:47.363898') RETURNING "id" /*application='Q224'*/[0m
  [1m[36mProcessingNode Load (0.3ms)[0m  [1m[34mSELECT "processing_nodes".* FROM "processing_nodes" WHERE "processing_nodes"."grade_correction_id" = 1 ORDER BY "processing_nodes"."created_at" ASC LIMIT 1 OFFSET 3 /*application='Q224'*/[0m
  [1m[36mDiffRecord Create (2.5ms)[0m  [1m[32mINSERT INTO "diff_records" ("grade_correction_id", "processing_node_id", "field_name", "old_value", "new_value", "operator_id", "created_at", "updated_at") VALUES (1, 4, 'corrected_score', '85', '92', 1, '2026-06-12 22:43:47.373500', '2026-06-12 22:43:47.373500') RETURNING "id" /*application='Q224'*/[0m
  [1m[36mProcessingNode Load (0.6ms)[0m  [1m[34mSELECT "processing_nodes".* FROM "processing_nodes" WHERE "processing_nodes"."grade_correction_id" = 1 ORDER BY "processing_nodes"."created_at" ASC LIMIT 1 OFFSET 3 /*application='Q224'*/[0m
  [1m[36mDiffRecord Create (0.7ms)[0m  [1m[32mINSERT INTO "diff_records" ("grade_correction_id", "processing_node_id", "field_name", "old_value", "new_value", "operator_id", "created_at", "updated_at") VALUES (1, 4, 'evidence_conclusion', 'pending', 'sufficient', 1, '2026-06-12 22:43:47.379123', '2026-06-12 22:43:47.379123') RETURNING "id" /*application='Q224'*/[0m
  [1m[36mGradeCorrection Create (0.4ms)[0m  [1m[32mINSERT INTO "grade_corrections" ("application_no", "student_name", "student_id", "course_name", "course_code", "original_score", "corrected_score", "application_reason", "source", "applicant", "application_date", "current_owner_id", "status", "conclusion", "block_reason", "remedy_path", "evidence_conclusion", "notification_confirmed", "amount", "responsible_party", "critical_time", "created_at", "updated_at") VALUES ('GC20260002', '李四', '2023001002', '大学物理', 'PHYS1002', 58.0, 75.0, '学生认为平时成绩计算有误，申请重新核算。', 'offline', '李四', '2026-06-07', 2, 'rejected', '申请资格不符，予以驳回。', '1. 学生已修完该课程并取得最终成绩，根据《本科生成绩管理规定》第15条，成绩公布后超过15个工作日不予受理；2. 学生无法提供任课教师签字的成绩异议证明；3. 平时成绩构成包含考勤、作业、小测验等多项，学生仅对其中一项有异议但无法提供充分证据。', '1. 学生需在成绩公布后15个工作日内提交申请；2. 需提供任课教师出具的成绩复核意见书；3. 如有考试试卷评分异议，需在考试结束后3个工作日内提出书面申请；4. 建议学生申请成绩复查而非更正，复查流程需填写《成绩复查申请表》并经学院教学秘书签字。', 'insufficient', TRUE, 0.0, '学生本人', '2026-06-09 22:43:47.381032', '2026-06-12 22:43:47.381460', '2026-06-12 22:43:47.381460') RETURNING "id" /*application='Q224'*/[0m
  [1m[36mProcessingNode Create (0.2ms)[0m  [1m[32mINSERT INTO "processing_nodes" ("grade_correction_id", "node_type", "operator_id", "status", "content", "on_site_explanation", "business_record", "created_at", "updated_at") VALUES (2, 'create', 2, 'rejected', '申请提交', NULL, NULL, '2026-06-12 22:43:47.383341', '2026-06-12 22:43:47.383341') RETURNING "id" /*application='Q224'*/[0m
  ↳ app/models/grade_correction.rb:251:in 'GradeCorrection#create_node'
  [1m[36mProcessingNode Create (0.4ms)[0m  [1m[32mINSERT INTO "processing_nodes" ("grade_correction_id", "node_type", "operator_id", "status", "content", "on_site_explanation", "business_record", "created_at", "updated_at") VALUES (2, 'create', 3, 'pending', '学生线下提交纸质申请', NULL, '学生提交《成绩更正申请表》，但未附任课教师证明', '2026-06-12 22:43:47.384449', '2026-06-12 22:43:47.384449') RETURNING "id" /*application='Q224'*/[0m
  [1m[36mProcessingNode Create (0.5ms)[0m  [1m[32mINSERT INTO "processing_nodes" ("grade_correction_id", "node_type", "operator_id", "status", "content", "on_site_explanation", "business_record", "created_at", "updated_at") VALUES (2, 'accept', 3, 'accepted', '受理申请，待补充材料', NULL, '初步受理，告知学生需补充任课教师证明材料', '2026-06-12 22:43:47.387013', '2026-06-12 22:43:47.387013') RETURNING "id" /*application='Q224'*/[0m
  [1m[36mProcessingNode Create (0.2ms)[0m  [1m[32mINSERT INTO "processing_nodes" ("grade_correction_id", "node_type", "operator_id", "status", "content", "on_site_explanation", "business_record", "created_at", "updated_at") VALUES (2, 'processing', 3, 'processing', '审核申请材料', '经核查教务系统记录，该课程成绩已于30日前公布，超出受理时限', '发现申请已超过15个工作日受理期限，且缺少必要证明材料', '2026-06-12 22:43:47.388540', '2026-06-12 22:43:47.388540') RETURNING "id" /*application='Q224'*/[0m
  [1m[36mProcessingNode Create (0.3ms)[0m  [1m[32mINSERT INTO "processing_nodes" ("grade_correction_id", "node_type", "operator_id", "status", "content", "on_site_explanation", "business_record", "created_at", "updated_at") VALUES (2, 'submit_review', 3, 'reviewing', '初审不通过，建议驳回', NULL, '资格不符：超出受理时限、材料不全，建议驳回申请', '2026-06-12 22:43:47.389788', '2026-06-12 22:43:47.389788') RETURNING "id" /*application='Q224'*/[0m
  [1m[36mProcessingNode Create (0.2ms)[0m  [1m[32mINSERT INTO "processing_nodes" ("grade_correction_id", "node_type", "operator_id", "status", "content", "on_site_explanation", "business_record", "created_at", "updated_at") VALUES (2, 'reject', 2, 'rejected', '申请驳回，资格不符', NULL, '复核确认：超出受理时限，证据不足，不符合《本科生成绩管理规定》相关条款', '2026-06-12 22:43:47.390947', '2026-06-12 22:43:47.390947') RETURNING "id" /*application='Q224'*/[0m
  [1m[36mProcessingNode Load (0.3ms)[0m  [1m[34mSELECT "processing_nodes".* FROM "processing_nodes" WHERE "processing_nodes"."grade_correction_id" = 2 ORDER BY "processing_nodes"."created_at" ASC LIMIT 1 /*application='Q224'*/[0m
  [1m[36mAttachment Create (0.5ms)[0m  [1m[32mINSERT INTO "attachments" ("grade_correction_id", "processing_node_id", "file_name", "file_type", "description", "evidence_type", "created_at", "updated_at") VALUES (2, 7, '成绩更正申请表.pdf', 'application/pdf', '学生填写的申请表', 'appeal_letter', '2026-06-12 22:43:47.393406', '2026-06-12 22:43:47.393406') RETURNING "id" /*application='Q224'*/[0m
  [1m[36mProcessingNode Load (0.3ms)[0m  [1m[34mSELECT "processing_nodes".* FROM "processing_nodes" WHERE "processing_nodes"."grade_correction_id" = 2 ORDER BY "processing_nodes"."created_at" ASC LIMIT 1 OFFSET 2 /*application='Q224'*/[0m
  [1m[36mAttachment Create (0.4ms)[0m  [1m[32mINSERT INTO "attachments" ("grade_correction_id", "processing_node_id", "file_name", "file_type", "description", "evidence_type", "created_at", "updated_at") VALUES (2, 9, '教务系统记录截图.png', 'image/png', '显示成绩公布日期为30日前', 'other', '2026-06-12 22:43:47.396024', '2026-06-12 22:43:47.396024') RETURNING "id" /*application='Q224'*/[0m
  [1m[36mProcessingNode Load (0.3ms)[0m  [1m[34mSELECT "processing_nodes".* FROM "processing_nodes" WHERE "processing_nodes"."grade_correction_id" = 2 ORDER BY "processing_nodes"."created_at" ASC LIMIT 1 OFFSET 3 /*application='Q224'*/[0m
  [1m[36mDiffRecord Create (0.7ms)[0m  [1m[32mINSERT INTO "diff_records" ("grade_correction_id", "processing_node_id", "field_name", "old_value", "new_value", "operator_id", "created_at", "updated_at") VALUES (2, 10, 'evidence_conclusion', 'pending', 'insufficient', 3, '2026-06-12 22:43:47.398634', '2026-06-12 22:43:47.398634') RETURNING "id" /*application='Q224'*/[0m
  [1m[36mProcessingNode Load (0.4ms)[0m  [1m[34mSELECT "processing_nodes".* FROM "processing_nodes" WHERE "processing_nodes"."grade_correction_id" = 2 ORDER BY "processing_nodes"."created_at" ASC LIMIT 1 OFFSET 3 /*application='Q224'*/[0m
  [1m[36mTRANSACTION (0.6ms)[0m  [1m[31mROLLBACK /*application='Q224'*/[0m
  [1m[36mActiveRecord::SchemaMigration Load (1.3ms)[0m  [1m[34mSELECT "schema_migrations"."version" FROM "schema_migrations" ORDER BY "schema_migrations"."version" ASC /*application='Q224'*/[0m
  [1m[36mTRANSACTION (0.2ms)[0m  [1m[35mBEGIN /*application='Q224'*/[0m
  [1m[36mUser Load (0.9ms)[0m  [1m[34mSELECT "users".* FROM "users" WHERE "users"."name" = '张老师' LIMIT 1 /*application='Q224'*/[0m
  [1m[36mTRANSACTION (0.2ms)[0m  [1m[35mSAVEPOINT active_record_1 /*application='Q224'*/[0m
  [1m[36mUser Create (0.6ms)[0m  [1m[32mINSERT INTO "users" ("name", "role", "password_digest", "created_at", "updated_at") VALUES ('张老师', 'frontline_processor', '$2a$12$AByUv3ZbVSrMmc2mESmOQea3VOxsWvuLZ49YL7huhwvPJI/42UlBG', '2026-06-12 22:45:12.739518', '2026-06-12 22:45:12.739518') RETURNING "id" /*application='Q224'*/[0m
  [1m[36mTRANSACTION (0.1ms)[0m  [1m[35mRELEASE SAVEPOINT active_record_1 /*application='Q224'*/[0m
  [1m[36mUser Load (0.2ms)[0m  [1m[34mSELECT "users".* FROM "users" WHERE "users"."name" = '李主任' LIMIT 1 /*application='Q224'*/[0m
  [1m[36mTRANSACTION (0.2ms)[0m  [1m[35mSAVEPOINT active_record_1 /*application='Q224'*/[0m
  [1m[36mUser Create (3.0ms)[0m  [1m[32mINSERT INTO "users" ("name", "role", "password_digest", "created_at", "updated_at") VALUES ('李主任', 'quality_reviewer', '$2a$12$h7Nwqv6GLiih6IrsCB4w5Or3F4v4wdINmaJeIyY4JtXyZFN1RrYie', '2026-06-12 22:45:12.976888', '2026-06-12 22:45:12.976888') RETURNING "id" /*application='Q224'*/[0m
  [1m[36mTRANSACTION (0.1ms)[0m  [1m[35mRELEASE SAVEPOINT active_record_1 /*application='Q224'*/[0m
  [1m[36mUser Load (0.2ms)[0m  [1m[34mSELECT "users".* FROM "users" WHERE "users"."name" = '王老师' LIMIT 1 /*application='Q224'*/[0m
  [1m[36mTRANSACTION (0.1ms)[0m  [1m[35mSAVEPOINT active_record_1 /*application='Q224'*/[0m
  [1m[36mUser Create (1.4ms)[0m  [1m[32mINSERT INTO "users" ("name", "role", "password_digest", "created_at", "updated_at") VALUES ('王老师', 'frontline_processor', '$2a$12$Yf4KWzza3ULU48KO1vmxHOqPn3fIh6gJK6XQE2Ua0ggu9R5wQK/Me', '2026-06-12 22:45:13.219973', '2026-06-12 22:45:13.219973') RETURNING "id" /*application='Q224'*/[0m
  [1m[36mTRANSACTION (0.1ms)[0m  [1m[35mRELEASE SAVEPOINT active_record_1 /*application='Q224'*/[0m
  [1m[36mUser Load (0.3ms)[0m  [1m[34mSELECT "users".* FROM "users" WHERE "users"."name" = '赵副主任' LIMIT 1 /*application='Q224'*/[0m
  [1m[36mTRANSACTION (0.1ms)[0m  [1m[35mSAVEPOINT active_record_1 /*application='Q224'*/[0m
  [1m[36mUser Create (1.2ms)[0m  [1m[32mINSERT INTO "users" ("name", "role", "password_digest", "created_at", "updated_at") VALUES ('赵副主任', 'quality_reviewer', '$2a$12$D2uUD3rz2ZUX5iu0S1zlt.cEtR6HlKl7WaCldORUyCj7vSnvXShEe', '2026-06-12 22:45:13.462282', '2026-06-12 22:45:13.462282') RETURNING "id" /*application='Q224'*/[0m
  [1m[36mTRANSACTION (0.1ms)[0m  [1m[35mRELEASE SAVEPOINT active_record_1 /*application='Q224'*/[0m
  [1m[36mUser Count (0.8ms)[0m  [1m[34mSELECT COUNT(*) FROM "users" /*application='Q224'*/[0m
  [1m[36mGradeCorrection Load (1.2ms)[0m  [1m[34mSELECT "grade_corrections".* FROM "grade_corrections" /*application='Q224'*/[0m
  [1m[36mGradeCorrection Create (1.0ms)[0m  [1m[32mINSERT INTO "grade_corrections" ("application_no", "student_name", "student_id", "course_name", "course_code", "original_score", "corrected_score", "application_reason", "source", "applicant", "application_date", "current_owner_id", "status", "conclusion", "block_reason", "remedy_path", "evidence_conclusion", "notification_confirmed", "amount", "responsible_party", "critical_time", "created_at", "updated_at") VALUES ('GC20260001', '张三', '2023001001', '高等数学', 'MATH1001', 85.0, 92.0, '期末考试卷面成绩录入错误，实际得分应为92分。经核对答题卡和评分标准，第3大题第2小题满分10分，学生答对但未给分。', 'online', '张三', '2026-06-05', 6, 'archived', '经复核，确认成绩录入错误，同意更正。原始成绩85分，更正为92分。已通知学生及任课教师。', NULL, NULL, 'sufficient', TRUE, 0.0, '教务处录入人员', '2026-06-10 22:45:13.479867', '2026-06-12 22:45:13.494485', '2026-06-12 22:45:13.494485') RETURNING "id" /*application='Q224'*/[0m
  [1m[36mProcessingNode Create (1.1ms)[0m  [1m[32mINSERT INTO "processing_nodes" ("grade_correction_id", "node_type", "operator_id", "status", "content", "on_site_explanation", "business_record", "created_at", "updated_at") VALUES (3, 'create', 6, 'archived', '申请提交', NULL, NULL, '2026-06-12 22:45:13.514719', '2026-06-12 22:45:13.514719') RETURNING "id" /*application='Q224'*/[0m
  ↳ app/models/grade_correction.rb:277:in 'GradeCorrection#create_node'
  [1m[36mProcessingNode Create (0.3ms)[0m  [1m[32mINSERT INTO "processing_nodes" ("grade_correction_id", "node_type", "operator_id", "status", "content", "on_site_explanation", "business_record", "created_at", "updated_at") VALUES (3, 'create', 5, 'pending', '学生在线提交成绩更正申请', NULL, '学生通过教务系统提交申请，附原始成绩单扫描件和答题卡照片', '2026-06-12 22:45:13.529454', '2026-06-12 22:45:13.529454') RETURNING "id" /*application='Q224'*/[0m
  [1m[36mProcessingNode Create (0.2ms)[0m  [1m[32mINSERT INTO "processing_nodes" ("grade_correction_id", "node_type", "operator_id", "status", "content", "on_site_explanation", "business_record", "created_at", "updated_at") VALUES (3, 'accept', 5, 'accepted', '受理申请，材料齐全', NULL, '核对学生身份、课程信息，申请材料完整', '2026-06-12 22:45:13.530885', '2026-06-12 22:45:13.530885') RETURNING "id" /*application='Q224'*/[0m
  [1m[36mProcessingNode Create (0.2ms)[0m  [1m[32mINSERT INTO "processing_nodes" ("grade_correction_id", "node_type", "operator_id", "status", "content", "on_site_explanation", "business_record", "created_at", "updated_at") VALUES (3, 'processing', 5, 'processing', '联系任课教师王教授核实情况', '经与王教授电话沟通并核对原始试卷，确认分数录入错误', '王教授确认评分有误，第3大题第2小题学生答案正确，应得10分', '2026-06-12 22:45:13.532070', '2026-06-12 22:45:13.532070') RETURNING "id" /*application='Q224'*/[0m
  [1m[36mProcessingNode Create (0.2ms)[0m  [1m[32mINSERT INTO "processing_nodes" ("grade_correction_id", "node_type", "operator_id", "status", "content", "on_site_explanation", "business_record", "created_at", "updated_at") VALUES (3, 'submit_review', 5, 'reviewing', '处理完成，提交复核', NULL, '已核实情况，原始成绩85分，建议更正为92分', '2026-06-12 22:45:13.533155', '2026-06-12 22:45:13.533155') RETURNING "id" /*application='Q224'*/[0m
  [1m[36mProcessingNode Create (0.2ms)[0m  [1m[32mINSERT INTO "processing_nodes" ("grade_correction_id", "node_type", "operator_id", "status", "content", "on_site_explanation", "business_record", "created_at", "updated_at") VALUES (3, 'approve', 6, 'archived', '复核通过，同意更正', NULL, '复核所有材料，确认情况属实，同意成绩更正', '2026-06-12 22:45:13.534650', '2026-06-12 22:45:13.534650') RETURNING "id" /*application='Q224'*/[0m
  [1m[36mProcessingNode Load (0.7ms)[0m  [1m[34mSELECT "processing_nodes".* FROM "processing_nodes" WHERE "processing_nodes"."grade_correction_id" = 3 ORDER BY "processing_nodes"."created_at" ASC LIMIT 1 /*application='Q224'*/[0m
  [1m[36mAttachment Create (0.7ms)[0m  [1m[32mINSERT INTO "attachments" ("grade_correction_id", "processing_node_id", "file_name", "file_type", "description", "evidence_type", "created_at", "updated_at") VALUES (3, 13, '成绩单扫描件.pdf', 'application/pdf', '学生原始成绩单', 'transcript', '2026-06-12 22:45:13.543741', '2026-06-12 22:45:13.543741') RETURNING "id" /*application='Q224'*/[0m
  [1m[36mProcessingNode Load (0.1ms)[0m  [1m[34mSELECT "processing_nodes".* FROM "processing_nodes" WHERE "processing_nodes"."grade_correction_id" = 3 ORDER BY "processing_nodes"."created_at" ASC LIMIT 1 OFFSET 2 /*application='Q224'*/[0m
  [1m[36mAttachment Create (0.2ms)[0m  [1m[32mINSERT INTO "attachments" ("grade_correction_id", "processing_node_id", "file_name", "file_type", "description", "evidence_type", "created_at", "updated_at") VALUES (3, 15, '试卷答题卡.jpg', 'image/jpeg', '学生答题卡照片，显示第3大题第2小题答对', 'exam_paper', '2026-06-12 22:45:13.546623', '2026-06-12 22:45:13.546623') RETURNING "id" /*application='Q224'*/[0m
  [1m[36mProcessingNode Load (0.1ms)[0m  [1m[34mSELECT "processing_nodes".* FROM "processing_nodes" WHERE "processing_nodes"."grade_correction_id" = 3 ORDER BY "processing_nodes"."created_at" ASC LIMIT 1 OFFSET 3 /*application='Q224'*/[0m
  [1m[36mDiffRecord Create (0.9ms)[0m  [1m[32mINSERT INTO "diff_records" ("grade_correction_id", "processing_node_id", "field_name", "old_value", "new_value", "operator_id", "created_at", "updated_at") VALUES (3, 16, 'corrected_score', '85', '92', 5, '2026-06-12 22:45:13.554605', '2026-06-12 22:45:13.554605') RETURNING "id" /*application='Q224'*/[0m
  [1m[36mProcessingNode Load (0.2ms)[0m  [1m[34mSELECT "processing_nodes".* FROM "processing_nodes" WHERE "processing_nodes"."grade_correction_id" = 3 ORDER BY "processing_nodes"."created_at" ASC LIMIT 1 OFFSET 3 /*application='Q224'*/[0m
  [1m[36mDiffRecord Create (0.2ms)[0m  [1m[32mINSERT INTO "diff_records" ("grade_correction_id", "processing_node_id", "field_name", "old_value", "new_value", "operator_id", "created_at", "updated_at") VALUES (3, 16, 'evidence_conclusion', 'pending', 'sufficient', 5, '2026-06-12 22:45:13.557430', '2026-06-12 22:45:13.557430') RETURNING "id" /*application='Q224'*/[0m
  [1m[36mGradeCorrection Create (0.2ms)[0m  [1m[32mINSERT INTO "grade_corrections" ("application_no", "student_name", "student_id", "course_name", "course_code", "original_score", "corrected_score", "application_reason", "source", "applicant", "application_date", "current_owner_id", "status", "conclusion", "block_reason", "remedy_path", "evidence_conclusion", "notification_confirmed", "amount", "responsible_party", "critical_time", "created_at", "updated_at") VALUES ('GC20260002', '李四', '2023001002', '大学物理', 'PHYS1002', 58.0, 75.0, '学生认为平时成绩计算有误，申请重新核算。', 'offline', '李四', '2026-06-07', 6, 'rejected', '申请资格不符，予以驳回。', '1. 学生已修完该课程并取得最终成绩，根据《本科生成绩管理规定》第15条，成绩公布后超过15个工作日不予受理；2. 学生无法提供任课教师签字的成绩异议证明；3. 平时成绩构成包含考勤、作业、小测验等多项，学生仅对其中一项有异议但无法提供充分证据。', '1. 学生需在成绩公布后15个工作日内提交申请；2. 需提供任课教师出具的成绩复核意见书；3. 如有考试试卷评分异议，需在考试结束后3个工作日内提出书面申请；4. 建议学生申请成绩复查而非更正，复查流程需填写《成绩复查申请表》并经学院教学秘书签字。', 'insufficient', TRUE, 0.0, '学生本人', '2026-06-09 22:45:13.558494', '2026-06-12 22:45:13.558747', '2026-06-12 22:45:13.558747') RETURNING "id" /*application='Q224'*/[0m
  [1m[36mProcessingNode Create (0.3ms)[0m  [1m[32mINSERT INTO "processing_nodes" ("grade_correction_id", "node_type", "operator_id", "status", "content", "on_site_explanation", "business_record", "created_at", "updated_at") VALUES (4, 'create', 6, 'rejected', '申请提交', NULL, NULL, '2026-06-12 22:45:13.560726', '2026-06-12 22:45:13.560726') RETURNING "id" /*application='Q224'*/[0m
  ↳ app/models/grade_correction.rb:277:in 'GradeCorrection#create_node'
  [1m[36mProcessingNode Create (0.6ms)[0m  [1m[32mINSERT INTO "processing_nodes" ("grade_correction_id", "node_type", "operator_id", "status", "content", "on_site_explanation", "business_record", "created_at", "updated_at") VALUES (4, 'create', 7, 'pending', '学生线下提交纸质申请', NULL, '学生提交《成绩更正申请表》，但未附任课教师证明', '2026-06-12 22:45:13.561911', '2026-06-12 22:45:13.561911') RETURNING "id" /*application='Q224'*/[0m
  [1m[36mProcessingNode Create (0.2ms)[0m  [1m[32mINSERT INTO "processing_nodes" ("grade_correction_id", "node_type", "operator_id", "status", "content", "on_site_explanation", "business_record", "created_at", "updated_at") VALUES (4, 'accept', 7, 'accepted', '受理申请，待补充材料', NULL, '初步受理，告知学生需补充任课教师证明材料', '2026-06-12 22:45:13.563377', '2026-06-12 22:45:13.563377') RETURNING "id" /*application='Q224'*/[0m
  [1m[36mProcessingNode Create (0.2ms)[0m  [1m[32mINSERT INTO "processing_nodes" ("grade_correction_id", "node_type", "operator_id", "status", "content", "on_site_explanation", "business_record", "created_at", "updated_at") VALUES (4, 'processing', 7, 'processing', '审核申请材料', '经核查教务系统记录，该课程成绩已于30日前公布，超出受理时限', '发现申请已超过15个工作日受理期限，且缺少必要证明材料', '2026-06-12 22:45:13.564707', '2026-06-12 22:45:13.564707') RETURNING "id" /*application='Q224'*/[0m
  [1m[36mProcessingNode Create (0.2ms)[0m  [1m[32mINSERT INTO "processing_nodes" ("grade_correction_id", "node_type", "operator_id", "status", "content", "on_site_explanation", "business_record", "created_at", "updated_at") VALUES (4, 'submit_review', 7, 'reviewing', '初审不通过，建议驳回', NULL, '资格不符：超出受理时限、材料不全，建议驳回申请', '2026-06-12 22:45:13.565951', '2026-06-12 22:45:13.565951') RETURNING "id" /*application='Q224'*/[0m
  [1m[36mProcessingNode Create (0.2ms)[0m  [1m[32mINSERT INTO "processing_nodes" ("grade_correction_id", "node_type", "operator_id", "status", "content", "on_site_explanation", "business_record", "created_at", "updated_at") VALUES (4, 'reject', 6, 'rejected', '申请驳回，资格不符', NULL, '复核确认：超出受理时限，证据不足，不符合《本科生成绩管理规定》相关条款', '2026-06-12 22:45:13.567081', '2026-06-12 22:45:13.567081') RETURNING "id" /*application='Q224'*/[0m
  [1m[36mProcessingNode Load (0.2ms)[0m  [1m[34mSELECT "processing_nodes".* FROM "processing_nodes" WHERE "processing_nodes"."grade_correction_id" = 4 ORDER BY "processing_nodes"."created_at" ASC LIMIT 1 /*application='Q224'*/[0m
  [1m[36mAttachment Create (0.3ms)[0m  [1m[32mINSERT INTO "attachments" ("grade_correction_id", "processing_node_id", "file_name", "file_type", "description", "evidence_type", "created_at", "updated_at") VALUES (4, 19, '成绩更正申请表.pdf', 'application/pdf', '学生填写的申请表', 'appeal_letter', '2026-06-12 22:45:13.569122', '2026-06-12 22:45:13.569122') RETURNING "id" /*application='Q224'*/[0m
  [1m[36mProcessingNode Load (0.2ms)[0m  [1m[34mSELECT "processing_nodes".* FROM "processing_nodes" WHERE "processing_nodes"."grade_correction_id" = 4 ORDER BY "processing_nodes"."created_at" ASC LIMIT 1 OFFSET 2 /*application='Q224'*/[0m
  [1m[36mAttachment Create (0.2ms)[0m  [1m[32mINSERT INTO "attachments" ("grade_correction_id", "processing_node_id", "file_name", "file_type", "description", "evidence_type", "created_at", "updated_at") VALUES (4, 21, '教务系统记录截图.png', 'image/png', '显示成绩公布日期为30日前', 'other', '2026-06-12 22:45:13.571364', '2026-06-12 22:45:13.571364') RETURNING "id" /*application='Q224'*/[0m
  [1m[36mProcessingNode Load (0.1ms)[0m  [1m[34mSELECT "processing_nodes".* FROM "processing_nodes" WHERE "processing_nodes"."grade_correction_id" = 4 ORDER BY "processing_nodes"."created_at" ASC LIMIT 1 OFFSET 3 /*application='Q224'*/[0m
  [1m[36mDiffRecord Create (0.2ms)[0m  [1m[32mINSERT INTO "diff_records" ("grade_correction_id", "processing_node_id", "field_name", "old_value", "new_value", "operator_id", "created_at", "updated_at") VALUES (4, 22, 'evidence_conclusion', 'pending', 'insufficient', 7, '2026-06-12 22:45:13.573255', '2026-06-12 22:45:13.573255') RETURNING "id" /*application='Q224'*/[0m
  [1m[36mProcessingNode Load (1.3ms)[0m  [1m[34mSELECT "processing_nodes".* FROM "processing_nodes" WHERE "processing_nodes"."grade_correction_id" = 4 ORDER BY "processing_nodes"."created_at" ASC LIMIT 1 OFFSET 3 /*application='Q224'*/[0m
  [1m[36mDiffRecord Create (9.4ms)[0m  [1m[32mINSERT INTO "diff_records" ("grade_correction_id", "processing_node_id", "field_name", "old_value", "new_value", "operator_id", "created_at", "updated_at") VALUES (4, 22, 'block_reason', '', '超出受理时限且材料不全', 7, '2026-06-12 22:45:13.616518', '2026-06-12 22:45:13.616518') RETURNING "id" /*application='Q224'*/[0m
  [1m[36mGradeCorrection Create (0.3ms)[0m  [1m[32mINSERT INTO "grade_corrections" ("application_no", "student_name", "student_id", "course_name", "course_code", "original_score", "corrected_score", "application_reason", "source", "applicant", "application_date", "current_owner_id", "status", "conclusion", "block_reason", "remedy_path", "evidence_conclusion", "notification_confirmed", "amount", "responsible_party", "critical_time", "created_at", "updated_at") VALUES ('GC20260003', '王五', '2023001003', '计算机网络', 'CS2001', 72.0, 85.0, '期末机考成绩统计错误，系统显示的成绩与实际作答情况不符。', 'email', '刘老师（任课教师）', '2026-06-02', 5, 'returned', '存在时间窗口冲突，需进一步核实。', '1. 成绩更正申请提交时间与下学期选课时间窗口重叠，可能影响学生选课优先级；2. 该课程成绩为前置课程要求，成绩变更可能影响已选课程的资格审核；3. 机考系统日志显示成绩统计期间有系统维护记录，需技术部门出具正式说明。', '1. 待选课窗口期结束后（预计3个工作日）再进行成绩更正操作；2. 需信息技术中心出具机考系统故障的正式技术鉴定报告；3. 核实学生下学期选课情况，如因成绩变更影响选课资格，需单独处理；4. 通知学生和相关学院教学秘书，说明时间冲突情况及预计处理时间。', 'pending', FALSE, 500.0, '信息技术中心', '2026-06-13 22:45:13.627581', '2026-06-12 22:45:13.628018', '2026-06-12 22:45:13.628018') RETURNING "id" /*application='Q224'*/[0m
  [1m[36mProcessingNode Create (0.3ms)[0m  [1m[32mINSERT INTO "processing_nodes" ("grade_correction_id", "node_type", "operator_id", "status", "content", "on_site_explanation", "business_record", "created_at", "updated_at") VALUES (5, 'create', 5, 'returned', '申请提交', NULL, NULL, '2026-06-12 22:45:13.629860', '2026-06-12 22:45:13.629860') RETURNING "id" /*application='Q224'*/[0m
  ↳ app/models/grade_correction.rb:277:in 'GradeCorrection#create_node'
  [1m[36mProcessingNode Create (0.3ms)[0m  [1m[32mINSERT INTO "processing_nodes" ("grade_correction_id", "node_type", "operator_id", "status", "content", "on_site_explanation", "business_record", "created_at", "updated_at") VALUES (5, 'create', 5, 'pending', '任课教师邮件提交申请', NULL, '刘老师发邮件说明机考成绩统计问题，附系统截图和班级成绩对照表', '2026-06-12 22:45:13.631208', '2026-06-12 22:45:13.631208') RETURNING "id" /*application='Q224'*/[0m
  [1m[36mProcessingNode Create (0.2ms)[0m  [1m[32mINSERT INTO "processing_nodes" ("grade_correction_id", "node_type", "operator_id", "status", "content", "on_site_explanation", "business_record", "created_at", "updated_at") VALUES (5, 'accept', 5, 'accepted', '受理教师申请', NULL, '核对教师身份和课程信息，申请事由合理', '2026-06-12 22:45:13.632867', '2026-06-12 22:45:13.632867') RETURNING "id" /*application='Q224'*/[0m
  [1m[36mProcessingNode Create (1.0ms)[0m  [1m[32mINSERT INTO "processing_nodes" ("grade_correction_id", "node_type", "operator_id", "status", "content", "on_site_explanation", "business_record", "created_at", "updated_at") VALUES (5, 'processing', 5, 'processing', '联系信息中心核查系统日志', '发现当前处于选课窗口期，成绩变更可能影响学生选课', '信息中心反馈成绩统计期间有2小时系统维护，可能影响成绩计算', '2026-06-12 22:45:13.633995', '2026-06-12 22:45:13.633995') RETURNING "id" /*application='Q224'*/[0m
  [1m[36mProcessingNode Create (3.7ms)[0m  [1m[32mINSERT INTO "processing_nodes" ("grade_correction_id", "node_type", "operator_id", "status", "content", "on_site_explanation", "business_record", "created_at", "updated_at") VALUES (5, 'submit_review', 5, 'reviewing', '技术问题待确认，提交复核', NULL, '存在时间窗口冲突问题，建议退回待技术部门出具正式报告', '2026-06-12 22:45:13.640579', '2026-06-12 22:45:13.640579') RETURNING "id" /*application='Q224'*/[0m
  [1m[36mProcessingNode Create (0.4ms)[0m  [1m[32mINSERT INTO "processing_nodes" ("grade_correction_id", "node_type", "operator_id", "status", "content", "on_site_explanation", "business_record", "created_at", "updated_at") VALUES (5, 'return', 8, 'returned', '退回补证：时间窗口冲突', NULL, '存在选课时间窗口冲突问题，需技术部门出具正式报告，待选课结束后再处理', '2026-06-12 22:45:13.647019', '2026-06-12 22:45:13.647019') RETURNING "id" /*application='Q224'*/[0m
  [1m[36mProcessingNode Load (0.3ms)[0m  [1m[34mSELECT "processing_nodes".* FROM "processing_nodes" WHERE "processing_nodes"."grade_correction_id" = 5 ORDER BY "processing_nodes"."created_at" ASC LIMIT 1 /*application='Q224'*/[0m
  [1m[36mAttachment Create (0.3ms)[0m  [1m[32mINSERT INTO "attachments" ("grade_correction_id", "processing_node_id", "file_name", "file_type", "description", "evidence_type", "created_at", "updated_at") VALUES (5, 25, '教师申请邮件.eml', 'message/rfc822', '任课教师申请邮件原文', 'appeal_letter', '2026-06-12 22:45:13.650360', '2026-06-12 22:45:13.650360') RETURNING "id" /*application='Q224'*/[0m
  [1m[36mProcessingNode Load (0.2ms)[0m  [1m[34mSELECT "processing_nodes".* FROM "processing_nodes" WHERE "processing_nodes"."grade_correction_id" = 5 ORDER BY "processing_nodes"."created_at" ASC LIMIT 1 OFFSET 2 /*application='Q224'*/[0m
  [1m[36mAttachment Create (0.2ms)[0m  [1m[32mINSERT INTO "attachments" ("grade_correction_id", "processing_node_id", "file_name", "file_type", "description", "evidence_type", "created_at", "updated_at") VALUES (5, 27, '系统维护记录.xlsx', 'application/vnd.openxmlformats-officedocument.spreadsheetml.sheet', '信息中心提供的系统维护记录', 'other', '2026-06-12 22:45:13.652618', '2026-06-12 22:45:13.652618') RETURNING "id" /*application='Q224'*/[0m
  [1m[36mProcessingNode Load (1.8ms)[0m  [1m[34mSELECT "processing_nodes".* FROM "processing_nodes" WHERE "processing_nodes"."grade_correction_id" = 5 ORDER BY "processing_nodes"."created_at" ASC LIMIT 1 OFFSET 2 /*application='Q224'*/[0m
  [1m[36mDiffRecord Create (0.3ms)[0m  [1m[32mINSERT INTO "diff_records" ("grade_correction_id", "processing_node_id", "field_name", "old_value", "new_value", "operator_id", "created_at", "updated_at") VALUES (5, 27, 'critical_time', '', '2026-06-13 22:45:13 UTC', 5, '2026-06-12 22:45:13.656751', '2026-06-12 22:45:13.656751') RETURNING "id" /*application='Q224'*/[0m
  [1m[36mProcessingNode Load (0.3ms)[0m  [1m[34mSELECT "processing_nodes".* FROM "processing_nodes" WHERE "processing_nodes"."grade_correction_id" = 5 ORDER BY "processing_nodes"."created_at" ASC LIMIT 1 OFFSET 2 /*application='Q224'*/[0m
  [1m[36mDiffRecord Create (0.3ms)[0m  [1m[32mINSERT INTO "diff_records" ("grade_correction_id", "processing_node_id", "field_name", "old_value", "new_value", "operator_id", "created_at", "updated_at") VALUES (5, 27, 'amount', '0', '500', 5, '2026-06-12 22:45:13.659022', '2026-06-12 22:45:13.659022') RETURNING "id" /*application='Q224'*/[0m
  [1m[36mProcessingNode Load (0.2ms)[0m  [1m[34mSELECT "processing_nodes".* FROM "processing_nodes" WHERE "processing_nodes"."grade_correction_id" = 5 ORDER BY "processing_nodes"."created_at" ASC LIMIT 1 OFFSET 4 /*application='Q224'*/[0m
  [1m[36mDiffRecord Create (0.2ms)[0m  [1m[32mINSERT INTO "diff_records" ("grade_correction_id", "processing_node_id", "field_name", "old_value", "new_value", "operator_id", "created_at", "updated_at") VALUES (5, 29, 'responsible_party', '', '信息技术中心', 8, '2026-06-12 22:45:13.661414', '2026-06-12 22:45:13.661414') RETURNING "id" /*application='Q224'*/[0m
  [1m[36mGradeCorrection Create (0.5ms)[0m  [1m[32mINSERT INTO "grade_corrections" ("application_no", "student_name", "student_id", "course_name", "course_code", "original_score", "corrected_score", "application_reason", "source", "applicant", "application_date", "current_owner_id", "status", "conclusion", "block_reason", "remedy_path", "evidence_conclusion", "notification_confirmed", "amount", "responsible_party", "critical_time", "created_at", "updated_at") VALUES ('GC20260004', '赵六', '2023001004', '线性代数', 'MATH2001', 60.0, 88.0, '平时作业成绩漏登，共5次作业成绩未计入总分。', 'online', '赵六', '2026-05-29', 7, 'processing', '处理完成，待学生确认通知。', '1. 成绩更正通知书已于5个工作日前发送至学生预留邮箱，但学生尚未确认收到；2. 电话联系3次均未接通，短信已发送但未回复；3. 根据规定，需学生本人确认后方可完成最终归档。', '1. 通过辅导员联系学生，确认是否收到通知；2. 如7个工作日内仍无法联系到学生，将按照《学生成绩管理规定》进行公告送达；3. 公告送达满10个工作日后视为已送达，可完成归档；4. 同步更新学生联系方式，确保后续通知送达。', 'sufficient', FALSE, 0.0, '任课教师', '2026-06-07 22:45:13.662509', '2026-06-12 22:45:13.663684', '2026-06-12 22:45:13.663684') RETURNING "id" /*application='Q224'*/[0m
  [1m[36mProcessingNode Create (0.2ms)[0m  [1m[32mINSERT INTO "processing_nodes" ("grade_correction_id", "node_type", "operator_id", "status", "content", "on_site_explanation", "business_record", "created_at", "updated_at") VALUES (6, 'create', 7, 'processing', '申请提交', NULL, NULL, '2026-06-12 22:45:13.665547', '2026-06-12 22:45:13.665547') RETURNING "id" /*application='Q224'*/[0m
  ↳ app/models/grade_correction.rb:277:in 'GradeCorrection#create_node'
  [1m[36mProcessingNode Create (0.1ms)[0m  [1m[32mINSERT INTO "processing_nodes" ("grade_correction_id", "node_type", "operator_id", "status", "content", "on_site_explanation", "business_record", "created_at", "updated_at") VALUES (6, 'create', 7, 'pending', '学生在线提交申请', NULL, '学生提交作业成绩截图和教师确认邮件', '2026-06-12 22:45:13.666575', '2026-06-12 22:45:13.666575') RETURNING "id" /*application='Q224'*/[0m
  [1m[36mProcessingNode Create (0.1ms)[0m  [1m[32mINSERT INTO "processing_nodes" ("grade_correction_id", "node_type", "operator_id", "status", "content", "on_site_explanation", "business_record", "created_at", "updated_at") VALUES (6, 'accept', 7, 'accepted', '受理申请', NULL, '材料齐全，受理申请', '2026-06-12 22:45:13.667755', '2026-06-12 22:45:13.667755') RETURNING "id" /*application='Q224'*/[0m
  [1m[36mProcessingNode Create (0.2ms)[0m  [1m[32mINSERT INTO "processing_nodes" ("grade_correction_id", "node_type", "operator_id", "status", "content", "on_site_explanation", "business_record", "created_at", "updated_at") VALUES (6, 'processing', 7, 'processing', '核实作业成绩', '已发送成绩更正通知书至学生邮箱，等待确认', '任课教师确认5次作业成绩漏登，平时成绩应为95分而非40分。综合计算后课程成绩应为88分。', '2026-06-12 22:45:13.668967', '2026-06-12 22:45:13.668967') RETURNING "id" /*application='Q224'*/[0m
  [1m[36mProcessingNode Load (0.2ms)[0m  [1m[34mSELECT "processing_nodes".* FROM "processing_nodes" WHERE "processing_nodes"."grade_correction_id" = 6 ORDER BY "processing_nodes"."created_at" ASC LIMIT 1 /*application='Q224'*/[0m
  [1m[36mAttachment Create (0.2ms)[0m  [1m[32mINSERT INTO "attachments" ("grade_correction_id", "processing_node_id", "file_name", "file_type", "description", "evidence_type", "created_at", "updated_at") VALUES (6, 31, '作业成绩截图.zip', 'application/zip', '5次作业的成绩系统截图', 'transcript', '2026-06-12 22:45:13.671808', '2026-06-12 22:45:13.671808') RETURNING "id" /*application='Q224'*/[0m
  [1m[36mProcessingNode Load (0.2ms)[0m  [1m[34mSELECT "processing_nodes".* FROM "processing_nodes" WHERE "processing_nodes"."grade_correction_id" = 6 ORDER BY "processing_nodes"."created_at" ASC LIMIT 1 OFFSET 2 /*application='Q224'*/[0m
  [1m[36mAttachment Create (0.8ms)[0m  [1m[32mINSERT INTO "attachments" ("grade_correction_id", "processing_node_id", "file_name", "file_type", "description", "evidence_type", "created_at", "updated_at") VALUES (6, 33, '通知书发送记录.png', 'image/png', '邮件发送成功截图', 'notification', '2026-06-12 22:45:13.673744', '2026-06-12 22:45:13.673744') RETURNING "id" /*application='Q224'*/[0m
  [1m[36mProcessingNode Load (0.3ms)[0m  [1m[34mSELECT "processing_nodes".* FROM "processing_nodes" WHERE "processing_nodes"."grade_correction_id" = 6 ORDER BY "processing_nodes"."created_at" ASC LIMIT 1 OFFSET 2 /*application='Q224'*/[0m
  [1m[36mDiffRecord Create (0.3ms)[0m  [1m[32mINSERT INTO "diff_records" ("grade_correction_id", "processing_node_id", "field_name", "old_value", "new_value", "operator_id", "created_at", "updated_at") VALUES (6, 33, 'corrected_score', '60', '88', 7, '2026-06-12 22:45:13.676710', '2026-06-12 22:45:13.676710') RETURNING "id" /*application='Q224'*/[0m
  [1m[36mProcessingNode Load (0.2ms)[0m  [1m[34mSELECT "processing_nodes".* FROM "processing_nodes" WHERE "processing_nodes"."grade_correction_id" = 6 ORDER BY "processing_nodes"."created_at" ASC LIMIT 1 OFFSET 2 /*application='Q224'*/[0m
  [1m[36mDiffRecord Create (0.3ms)[0m  [1m[32mINSERT INTO "diff_records" ("grade_correction_id", "processing_node_id", "field_name", "old_value", "new_value", "operator_id", "created_at", "updated_at") VALUES (6, 33, 'evidence_conclusion', 'pending', 'sufficient', 7, '2026-06-12 22:45:13.679294', '2026-06-12 22:45:13.679294') RETURNING "id" /*application='Q224'*/[0m
  [1m[36mGradeCorrection Create (0.3ms)[0m  [1m[32mINSERT INTO "grade_corrections" ("application_no", "student_name", "student_id", "course_name", "course_code", "original_score", "corrected_score", "application_reason", "source", "applicant", "application_date", "current_owner_id", "status", "conclusion", "block_reason", "remedy_path", "evidence_conclusion", "notification_confirmed", "amount", "responsible_party", "critical_time", "created_at", "updated_at") VALUES ('GC20260005', '孙七', '2023001005', '数据结构', 'CS2002', 78.0, 82.0, '实验报告成绩批改有误，申请复核。', 'online', '孙七', '2026-06-09', 5, 'pending', NULL, NULL, NULL, 'pending', FALSE, 0.0, '助教', '2026-06-19 22:45:13.680357', '2026-06-12 22:45:13.680592', '2026-06-12 22:45:13.680592') RETURNING "id" /*application='Q224'*/[0m
  [1m[36mProcessingNode Create (0.2ms)[0m  [1m[32mINSERT INTO "processing_nodes" ("grade_correction_id", "node_type", "operator_id", "status", "content", "on_site_explanation", "business_record", "created_at", "updated_at") VALUES (7, 'create', 5, 'pending', '申请提交', NULL, NULL, '2026-06-12 22:45:13.681903', '2026-06-12 22:45:13.681903') RETURNING "id" /*application='Q224'*/[0m
  ↳ app/models/grade_correction.rb:277:in 'GradeCorrection#create_node'
  [1m[36mProcessingNode Create (0.3ms)[0m  [1m[32mINSERT INTO "processing_nodes" ("grade_correction_id", "node_type", "operator_id", "status", "content", "on_site_explanation", "business_record", "created_at", "updated_at") VALUES (7, 'create', 5, 'pending', '学生在线提交申请', NULL, '附实验报告原文和评分标准', '2026-06-12 22:45:13.682789', '2026-06-12 22:45:13.682789') RETURNING "id" /*application='Q224'*/[0m
  [1m[36mGradeCorrection Create (0.3ms)[0m  [1m[32mINSERT INTO "grade_corrections" ("application_no", "student_name", "student_id", "course_name", "course_code", "original_score", "corrected_score", "application_reason", "source", "applicant", "application_date", "current_owner_id", "status", "conclusion", "block_reason", "remedy_path", "evidence_conclusion", "notification_confirmed", "amount", "responsible_party", "critical_time", "created_at", "updated_at") VALUES ('GC20260006', '周八', '2023001006', '概率论', 'MATH3001', 65.0, 78.0, '期末考试成绩统计错误。', 'offline', '周八', '2026-06-08', 7, 'accepted', NULL, NULL, NULL, 'pending', FALSE, 0.0, '教务处', '2026-06-18 22:45:13.683754', '2026-06-12 22:45:13.683917', '2026-06-12 22:45:13.683917') RETURNING "id" /*application='Q224'*/[0m
  [1m[36mProcessingNode Create (0.5ms)[0m  [1m[32mINSERT INTO "processing_nodes" ("grade_correction_id", "node_type", "operator_id", "status", "content", "on_site_explanation", "business_record", "created_at", "updated_at") VALUES (8, 'create', 7, 'accepted', '申请提交', NULL, NULL, '2026-06-12 22:45:13.685461', '2026-06-12 22:45:13.685461') RETURNING "id" /*application='Q224'*/[0m
  ↳ app/models/grade_correction.rb:277:in 'GradeCorrection#create_node'
  [1m[36mProcessingNode Create (0.6ms)[0m  [1m[32mINSERT INTO "processing_nodes" ("grade_correction_id", "node_type", "operator_id", "status", "content", "on_site_explanation", "business_record", "created_at", "updated_at") VALUES (8, 'create', 7, 'pending', '学生提交纸质申请', NULL, NULL, '2026-06-12 22:45:13.687239', '2026-06-12 22:45:13.687239') RETURNING "id" /*application='Q224'*/[0m
  [1m[36mProcessingNode Create (0.2ms)[0m  [1m[32mINSERT INTO "processing_nodes" ("grade_correction_id", "node_type", "operator_id", "status", "content", "on_site_explanation", "business_record", "created_at", "updated_at") VALUES (8, 'accept', 7, 'accepted', '已受理', NULL, NULL, '2026-06-12 22:45:13.689089', '2026-06-12 22:45:13.689089') RETURNING "id" /*application='Q224'*/[0m
  [1m[36mGradeCorrection Create (0.2ms)[0m  [1m[32mINSERT INTO "grade_corrections" ("application_no", "student_name", "student_id", "course_name", "course_code", "original_score", "corrected_score", "application_reason", "source", "applicant", "application_date", "current_owner_id", "status", "conclusion", "block_reason", "remedy_path", "evidence_conclusion", "notification_confirmed", "amount", "responsible_party", "critical_time", "created_at", "updated_at") VALUES ('GC20260007', '吴九', '2023001007', '操作系统', 'CS3001', 70.0, 85.0, '课程设计成绩未计入总分。', 'online', '吴九', '2026-06-04', 8, 'reviewing', NULL, NULL, NULL, 'sufficient', FALSE, 200.0, '任课教师', '2026-06-10 22:45:13.690127', '2026-06-12 22:45:13.690419', '2026-06-12 22:45:13.690419') RETURNING "id" /*application='Q224'*/[0m
  [1m[36mProcessingNode Create (0.3ms)[0m  [1m[32mINSERT INTO "processing_nodes" ("grade_correction_id", "node_type", "operator_id", "status", "content", "on_site_explanation", "business_record", "created_at", "updated_at") VALUES (9, 'create', 8, 'reviewing', '申请提交', NULL, NULL, '2026-06-12 22:45:13.692006', '2026-06-12 22:45:13.692006') RETURNING "id" /*application='Q224'*/[0m
  ↳ app/models/grade_correction.rb:277:in 'GradeCorrection#create_node'
  [1m[36mProcessingNode Create (0.3ms)[0m  [1m[32mINSERT INTO "processing_nodes" ("grade_correction_id", "node_type", "operator_id", "status", "content", "on_site_explanation", "business_record", "created_at", "updated_at") VALUES (9, 'create', 5, 'pending', '学生提交申请', NULL, NULL, '2026-06-12 22:45:13.693141', '2026-06-12 22:45:13.693141') RETURNING "id" /*application='Q224'*/[0m
  [1m[36mProcessingNode Create (0.2ms)[0m  [1m[32mINSERT INTO "processing_nodes" ("grade_correction_id", "node_type", "operator_id", "status", "content", "on_site_explanation", "business_record", "created_at", "updated_at") VALUES (9, 'accept', 5, 'accepted', '受理', NULL, NULL, '2026-06-12 22:45:13.694494', '2026-06-12 22:45:13.694494') RETURNING "id" /*application='Q224'*/[0m
  [1m[36mProcessingNode Create (0.2ms)[0m  [1m[32mINSERT INTO "processing_nodes" ("grade_correction_id", "node_type", "operator_id", "status", "content", "on_site_explanation", "business_record", "created_at", "updated_at") VALUES (9, 'processing', 5, 'processing', '核实情况，确认课程设计成绩漏登', NULL, NULL, '2026-06-12 22:45:13.695543', '2026-06-12 22:45:13.695543') RETURNING "id" /*application='Q224'*/[0m
  [1m[36mProcessingNode Create (0.3ms)[0m  [1m[32mINSERT INTO "processing_nodes" ("grade_correction_id", "node_type", "operator_id", "status", "content", "on_site_explanation", "business_record", "created_at", "updated_at") VALUES (9, 'submit_review', 5, 'reviewing', '提交复核', NULL, NULL, '2026-06-12 22:45:13.697153', '2026-06-12 22:45:13.697153') RETURNING "id" /*application='Q224'*/[0m
  [1m[36mProcessingNode Load (0.2ms)[0m  [1m[34mSELECT "processing_nodes".* FROM "processing_nodes" WHERE "processing_nodes"."grade_correction_id" = 9 ORDER BY "processing_nodes"."created_at" ASC LIMIT 1 OFFSET 2 /*application='Q224'*/[0m
  [1m[36mAttachment Create (0.2ms)[0m  [1m[32mINSERT INTO "attachments" ("grade_correction_id", "processing_node_id", "file_name", "file_type", "description", "evidence_type", "created_at", "updated_at") VALUES (9, 42, '课程设计报告.pdf', 'application/pdf', '学生课程设计报告，成绩为优秀', 'teacher_proof', '2026-06-12 22:45:13.699347', '2026-06-12 22:45:13.699347') RETURNING "id" /*application='Q224'*/[0m
  [1m[36mProcessingNode Load (0.2ms)[0m  [1m[34mSELECT "processing_nodes".* FROM "processing_nodes" WHERE "processing_nodes"."grade_correction_id" = 9 ORDER BY "processing_nodes"."created_at" ASC LIMIT 1 OFFSET 2 /*application='Q224'*/[0m
  [1m[36mDiffRecord Create (0.2ms)[0m  [1m[32mINSERT INTO "diff_records" ("grade_correction_id", "processing_node_id", "field_name", "old_value", "new_value", "operator_id", "created_at", "updated_at") VALUES (9, 42, 'corrected_score', '70', '85', 5, '2026-06-12 22:45:13.701070', '2026-06-12 22:45:13.701070') RETURNING "id" /*application='Q224'*/[0m
  [1m[36mProcessingNode Load (0.1ms)[0m  [1m[34mSELECT "processing_nodes".* FROM "processing_nodes" WHERE "processing_nodes"."grade_correction_id" = 9 ORDER BY "processing_nodes"."created_at" ASC LIMIT 1 OFFSET 2 /*application='Q224'*/[0m
  [1m[36mDiffRecord Create (0.2ms)[0m  [1m[32mINSERT INTO "diff_records" ("grade_correction_id", "processing_node_id", "field_name", "old_value", "new_value", "operator_id", "created_at", "updated_at") VALUES (9, 42, 'evidence_conclusion', 'pending', 'sufficient', 5, '2026-06-12 22:45:13.702792', '2026-06-12 22:45:13.702792') RETURNING "id" /*application='Q224'*/[0m
  [1m[36mUser Count (0.2ms)[0m  [1m[34mSELECT COUNT(*) FROM "users" /*application='Q224'*/[0m
  [1m[36mGradeCorrection Count (0.1ms)[0m  [1m[34mSELECT COUNT(*) FROM "grade_corrections" /*application='Q224'*/[0m
  [1m[36mGradeCorrection Count (0.2ms)[0m  [1m[34mSELECT COUNT(*) AS "count_all", "grade_corrections"."status" AS "grade_corrections_status" FROM "grade_corrections" GROUP BY "grade_corrections"."status" /*application='Q224'*/[0m
  [1m[36mGradeCorrection Count (0.1ms)[0m  [1m[34mSELECT COUNT(*) FROM "grade_corrections" WHERE "grade_corrections"."block_reason" IS NOT NULL /*application='Q224'*/[0m
  [1m[36mGradeCorrection Count (0.2ms)[0m  [1m[34mSELECT COUNT(*) FROM "grade_corrections" WHERE "grade_corrections"."notification_confirmed" = FALSE /*application='Q224'*/[0m
  [1m[36mProcessingNode Count (0.1ms)[0m  [1m[34mSELECT COUNT(*) FROM "processing_nodes" /*application='Q224'*/[0m
  [1m[36mDiffRecord Count (0.5ms)[0m  [1m[34mSELECT COUNT(*) FROM "diff_records" /*application='Q224'*/[0m
  [1m[36mAttachment Count (0.4ms)[0m  [1m[34mSELECT COUNT(*) FROM "attachments" /*application='Q224'*/[0m
  [1m[36mTRANSACTION (0.6ms)[0m  [1m[35mCOMMIT /*application='Q224'*/[0m
  [1m[35mSQL (0.3ms)[0m  [1m[35mSET search_path TO public /*application='Q224'*/[0m
  [1m[35m (41.6ms)[0m  [1m[35mCREATE DATABASE "q_224_development" ENCODING = 'unicode' /*application='Q224'*/[0m
  [1m[35mSQL (0.1ms)[0m  [1m[35mSET search_path TO public /*application='Q224'*/[0m
  [1m[35m (12.2ms)[0m  [1m[35mCREATE DATABASE "q_224_test" ENCODING = 'unicode' /*application='Q224'*/[0m
  [1m[35m (2.8ms)[0m  [1m[34mSELECT pg_try_advisory_lock(3330090132723625320) /*application='Q224'*/[0m
  [1m[36mActiveRecord::SchemaMigration Load (1.3ms)[0m  [1m[34mSELECT "schema_migrations"."version" FROM "schema_migrations" ORDER BY "schema_migrations"."version" ASC /*application='Q224'*/[0m
  [1m[36mActiveRecord::InternalMetadata Load (1.9ms)[0m  [1m[34mSELECT * FROM "ar_internal_metadata" WHERE "ar_internal_metadata"."key" = 'environment' ORDER BY "ar_internal_metadata"."key" ASC LIMIT 1 /*application='Q224'*/[0m
  [1m[35m (0.2ms)[0m  [1m[34mSELECT pg_advisory_unlock(3330090132723625320) /*application='Q224'*/[0m
  [1m[36mActiveRecord::SchemaMigration Load (0.1ms)[0m  [1m[34mSELECT "schema_migrations"."version" FROM "schema_migrations" ORDER BY "schema_migrations"."version" ASC /*application='Q224'*/[0m
  [1m[35mSQL (0.1ms)[0m  [1m[35mSET search_path TO public /*application='Q224'*/[0m
  [1m[35mSQL (0.1ms)[0m  [1m[35mSET search_path TO "$user", public /*application='Q224'*/[0m
  [1m[35mSQL (0.4ms)[0m  [1m[35mSET search_path TO public /*application='Q224'*/[0m
  [1m[35mSQL (0.0ms)[0m  [1m[35mSET search_path TO "$user", public /*application='Q224'*/[0m
  [1m[36mActiveRecord::SchemaMigration Load (1.9ms)[0m  [1m[34mSELECT "schema_migrations"."version" FROM "schema_migrations" ORDER BY "schema_migrations"."version" ASC /*application='Q224'*/[0m
  [1m[36mTRANSACTION (0.2ms)[0m  [1m[35mBEGIN /*application='Q224'*/[0m
  [1m[36mUser Load (0.7ms)[0m  [1m[34mSELECT "users".* FROM "users" WHERE "users"."name" = '张老师' LIMIT 1 /*application='Q224'*/[0m
  [1m[36mUser Load (4.0ms)[0m  [1m[34mSELECT "users".* FROM "users" WHERE "users"."name" = '李主任' LIMIT 1 /*application='Q224'*/[0m
  [1m[36mUser Load (1.0ms)[0m  [1m[34mSELECT "users".* FROM "users" WHERE "users"."name" = '王老师' LIMIT 1 /*application='Q224'*/[0m
  [1m[36mUser Load (1.0ms)[0m  [1m[34mSELECT "users".* FROM "users" WHERE "users"."name" = '赵副主任' LIMIT 1 /*application='Q224'*/[0m
  [1m[36mUser Count (0.8ms)[0m  [1m[34mSELECT COUNT(*) FROM "users" /*application='Q224'*/[0m
  [1m[36mGradeCorrection Load (1.1ms)[0m  [1m[34mSELECT "grade_corrections".* FROM "grade_corrections" /*application='Q224'*/[0m
  [1m[36mProcessingNode Load (2.2ms)[0m  [1m[34mSELECT "processing_nodes".* FROM "processing_nodes" WHERE "processing_nodes"."grade_correction_id" = 3 ORDER BY "processing_nodes"."created_at" ASC /*application='Q224'*/[0m
  [1m[36mDiffRecord Load (2.8ms)[0m  [1m[34mSELECT "diff_records".* FROM "diff_records" WHERE "diff_records"."processing_node_id" = 13 /*application='Q224'*/[0m
  [1m[36mAttachment Load (0.7ms)[0m  [1m[34mSELECT "attachments".* FROM "attachments" WHERE "attachments"."processing_node_id" = 13 /*application='Q224'*/[0m
  [1m[36mAttachment Destroy (1.1ms)[0m  [1m[31mDELETE FROM "attachments" WHERE "attachments"."id" = 5 /*application='Q224'*/[0m
  [1m[36mProcessingNode Destroy (1.4ms)[0m  [1m[31mDELETE FROM "processing_nodes" WHERE "processing_nodes"."id" = 13 /*application='Q224'*/[0m
  [1m[36mDiffRecord Load (0.3ms)[0m  [1m[34mSELECT "diff_records".* FROM "diff_records" WHERE "diff_records"."processing_node_id" = 14 /*application='Q224'*/[0m
  [1m[36mAttachment Load (0.2ms)[0m  [1m[34mSELECT "attachments".* FROM "attachments" WHERE "attachments"."processing_node_id" = 14 /*application='Q224'*/[0m
  [1m[36mProcessingNode Destroy (0.8ms)[0m  [1m[31mDELETE FROM "processing_nodes" WHERE "processing_nodes"."id" = 14 /*application='Q224'*/[0m
  [1m[36mDiffRecord Load (0.3ms)[0m  [1m[34mSELECT "diff_records".* FROM "diff_records" WHERE "diff_records"."processing_node_id" = 15 /*application='Q224'*/[0m
  [1m[36mAttachment Load (0.2ms)[0m  [1m[34mSELECT "attachments".* FROM "attachments" WHERE "attachments"."processing_node_id" = 15 /*application='Q224'*/[0m
  [1m[36mAttachment Destroy (0.3ms)[0m  [1m[31mDELETE FROM "attachments" WHERE "attachments"."id" = 6 /*application='Q224'*/[0m
  [1m[36mProcessingNode Destroy (0.3ms)[0m  [1m[31mDELETE FROM "processing_nodes" WHERE "processing_nodes"."id" = 15 /*application='Q224'*/[0m
  [1m[36mDiffRecord Load (0.3ms)[0m  [1m[34mSELECT "diff_records".* FROM "diff_records" WHERE "diff_records"."processing_node_id" = 16 /*application='Q224'*/[0m
  [1m[36mDiffRecord Destroy (0.6ms)[0m  [1m[31mDELETE FROM "diff_records" WHERE "diff_records"."id" = 4 /*application='Q224'*/[0m
  [1m[36mDiffRecord Destroy (0.4ms)[0m  [1m[31mDELETE FROM "diff_records" WHERE "diff_records"."id" = 5 /*application='Q224'*/[0m
  [1m[36mAttachment Load (0.3ms)[0m  [1m[34mSELECT "attachments".* FROM "attachments" WHERE "attachments"."processing_node_id" = 16 /*application='Q224'*/[0m
  [1m[36mProcessingNode Destroy (1.6ms)[0m  [1m[31mDELETE FROM "processing_nodes" WHERE "processing_nodes"."id" = 16 /*application='Q224'*/[0m
  [1m[36mDiffRecord Load (1.0ms)[0m  [1m[34mSELECT "diff_records".* FROM "diff_records" WHERE "diff_records"."processing_node_id" = 17 /*application='Q224'*/[0m
  [1m[36mAttachment Load (3.6ms)[0m  [1m[34mSELECT "attachments".* FROM "attachments" WHERE "attachments"."processing_node_id" = 17 /*application='Q224'*/[0m
  [1m[36mProcessingNode Destroy (1.3ms)[0m  [1m[31mDELETE FROM "processing_nodes" WHERE "processing_nodes"."id" = 17 /*application='Q224'*/[0m
  [1m[36mDiffRecord Load (0.4ms)[0m  [1m[34mSELECT "diff_records".* FROM "diff_records" WHERE "diff_records"."processing_node_id" = 18 /*application='Q224'*/[0m
  [1m[36mAttachment Load (0.4ms)[0m  [1m[34mSELECT "attachments".* FROM "attachments" WHERE "attachments"."processing_node_id" = 18 /*application='Q224'*/[0m
  [1m[36mProcessingNode Destroy (2.8ms)[0m  [1m[31mDELETE FROM "processing_nodes" WHERE "processing_nodes"."id" = 18 /*application='Q224'*/[0m
  [1m[36mDiffRecord Load (0.3ms)[0m  [1m[34mSELECT "diff_records".* FROM "diff_records" WHERE "diff_records"."grade_correction_id" = 3 /*application='Q224'*/[0m
  [1m[36mAttachment Load (0.3ms)[0m  [1m[34mSELECT "attachments".* FROM "attachments" WHERE "attachments"."grade_correction_id" = 3 /*application='Q224'*/[0m
  [1m[36mGradeCorrection Destroy (0.8ms)[0m  [1m[31mDELETE FROM "grade_corrections" WHERE "grade_corrections"."id" = 3 /*application='Q224'*/[0m
  [1m[36mProcessingNode Load (0.3ms)[0m  [1m[34mSELECT "processing_nodes".* FROM "processing_nodes" WHERE "processing_nodes"."grade_correction_id" = 4 ORDER BY "processing_nodes"."created_at" ASC /*application='Q224'*/[0m
  [1m[36mDiffRecord Load (0.3ms)[0m  [1m[34mSELECT "diff_records".* FROM "diff_records" WHERE "diff_records"."processing_node_id" = 19 /*application='Q224'*/[0m
  [1m[36mAttachment Load (0.3ms)[0m  [1m[34mSELECT "attachments".* FROM "attachments" WHERE "attachments"."processing_node_id" = 19 /*application='Q224'*/[0m
  [1m[36mAttachment Destroy (0.2ms)[0m  [1m[31mDELETE FROM "attachments" WHERE "attachments"."id" = 7 /*application='Q224'*/[0m
  [1m[36mProcessingNode Destroy (0.5ms)[0m  [1m[31mDELETE FROM "processing_nodes" WHERE "processing_nodes"."id" = 19 /*application='Q224'*/[0m
  [1m[36mDiffRecord Load (0.2ms)[0m  [1m[34mSELECT "diff_records".* FROM "diff_records" WHERE "diff_records"."processing_node_id" = 20 /*application='Q224'*/[0m
  [1m[36mAttachment Load (0.8ms)[0m  [1m[34mSELECT "attachments".* FROM "attachments" WHERE "attachments"."processing_node_id" = 20 /*application='Q224'*/[0m
  [1m[36mProcessingNode Destroy (0.4ms)[0m  [1m[31mDELETE FROM "processing_nodes" WHERE "processing_nodes"."id" = 20 /*application='Q224'*/[0m
  [1m[36mDiffRecord Load (0.9ms)[0m  [1m[34mSELECT "diff_records".* FROM "diff_records" WHERE "diff_records"."processing_node_id" = 21 /*application='Q224'*/[0m
  [1m[36mAttachment Load (0.4ms)[0m  [1m[34mSELECT "attachments".* FROM "attachments" WHERE "attachments"."processing_node_id" = 21 /*application='Q224'*/[0m
  [1m[36mAttachment Destroy (0.7ms)[0m  [1m[31mDELETE FROM "attachments" WHERE "attachments"."id" = 8 /*application='Q224'*/[0m
  [1m[36mProcessingNode Destroy (0.9ms)[0m  [1m[31mDELETE FROM "processing_nodes" WHERE "processing_nodes"."id" = 21 /*application='Q224'*/[0m
  [1m[36mDiffRecord Load (3.1ms)[0m  [1m[34mSELECT "diff_records".* FROM "diff_records" WHERE "diff_records"."processing_node_id" = 22 /*application='Q224'*/[0m
  [1m[36mDiffRecord Destroy (0.7ms)[0m  [1m[31mDELETE FROM "diff_records" WHERE "diff_records"."id" = 6 /*application='Q224'*/[0m
  [1m[36mDiffRecord Destroy (10.0ms)[0m  [1m[31mDELETE FROM "diff_records" WHERE "diff_records"."id" = 7 /*application='Q224'*/[0m
  [1m[36mAttachment Load (0.9ms)[0m  [1m[34mSELECT "attachments".* FROM "attachments" WHERE "attachments"."processing_node_id" = 22 /*application='Q224'*/[0m
  [1m[36mProcessingNode Destroy (3.0ms)[0m  [1m[31mDELETE FROM "processing_nodes" WHERE "processing_nodes"."id" = 22 /*application='Q224'*/[0m
  [1m[36mDiffRecord Load (1.5ms)[0m  [1m[34mSELECT "diff_records".* FROM "diff_records" WHERE "diff_records"."processing_node_id" = 23 /*application='Q224'*/[0m
  [1m[36mAttachment Load (4.2ms)[0m  [1m[34mSELECT "attachments".* FROM "attachments" WHERE "attachments"."processing_node_id" = 23 /*application='Q224'*/[0m
  [1m[36mProcessingNode Destroy (1.1ms)[0m  [1m[31mDELETE FROM "processing_nodes" WHERE "processing_nodes"."id" = 23 /*application='Q224'*/[0m
  [1m[36mDiffRecord Load (30.6ms)[0m  [1m[34mSELECT "diff_records".* FROM "diff_records" WHERE "diff_records"."processing_node_id" = 24 /*application='Q224'*/[0m
  [1m[36mAttachment Load (20.8ms)[0m  [1m[34mSELECT "attachments".* FROM "attachments" WHERE "attachments"."processing_node_id" = 24 /*application='Q224'*/[0m
  [1m[36mProcessingNode Destroy (0.6ms)[0m  [1m[31mDELETE FROM "processing_nodes" WHERE "processing_nodes"."id" = 24 /*application='Q224'*/[0m
  [1m[36mDiffRecord Load (0.4ms)[0m  [1m[34mSELECT "diff_records".* FROM "diff_records" WHERE "diff_records"."grade_correction_id" = 4 /*application='Q224'*/[0m
  [1m[36mAttachment Load (0.6ms)[0m  [1m[34mSELECT "attachments".* FROM "attachments" WHERE "attachments"."grade_correction_id" = 4 /*application='Q224'*/[0m
  [1m[36mGradeCorrection Destroy (1.4ms)[0m  [1m[31mDELETE FROM "grade_corrections" WHERE "grade_corrections"."id" = 4 /*application='Q224'*/[0m
  [1m[36mProcessingNode Load (0.4ms)[0m  [1m[34mSELECT "processing_nodes".* FROM "processing_nodes" WHERE "processing_nodes"."grade_correction_id" = 5 ORDER BY "processing_nodes"."created_at" ASC /*application='Q224'*/[0m
  [1m[36mDiffRecord Load (6.2ms)[0m  [1m[34mSELECT "diff_records".* FROM "diff_records" WHERE "diff_records"."processing_node_id" = 25 /*application='Q224'*/[0m
  [1m[36mAttachment Load (4.1ms)[0m  [1m[34mSELECT "attachments".* FROM "attachments" WHERE "attachments"."processing_node_id" = 25 /*application='Q224'*/[0m
  [1m[36mAttachment Destroy (1.6ms)[0m  [1m[31mDELETE FROM "attachments" WHERE "attachments"."id" = 9 /*application='Q224'*/[0m
  [1m[36mProcessingNode Destroy (0.5ms)[0m  [1m[31mDELETE FROM "processing_nodes" WHERE "processing_nodes"."id" = 25 /*application='Q224'*/[0m
  [1m[36mDiffRecord Load (0.7ms)[0m  [1m[34mSELECT "diff_records".* FROM "diff_records" WHERE "diff_records"."processing_node_id" = 26 /*application='Q224'*/[0m
  [1m[36mAttachment Load (1.5ms)[0m  [1m[34mSELECT "attachments".* FROM "attachments" WHERE "attachments"."processing_node_id" = 26 /*application='Q224'*/[0m
  [1m[36mProcessingNode Destroy (0.5ms)[0m  [1m[31mDELETE FROM "processing_nodes" WHERE "processing_nodes"."id" = 26 /*application='Q224'*/[0m
  [1m[36mDiffRecord Load (0.3ms)[0m  [1m[34mSELECT "diff_records".* FROM "diff_records" WHERE "diff_records"."processing_node_id" = 27 /*application='Q224'*/[0m
  [1m[36mDiffRecord Destroy (0.2ms)[0m  [1m[31mDELETE FROM "diff_records" WHERE "diff_records"."id" = 8 /*application='Q224'*/[0m
  [1m[36mDiffRecord Destroy (0.2ms)[0m  [1m[31mDELETE FROM "diff_records" WHERE "diff_records"."id" = 9 /*application='Q224'*/[0m
  [1m[36mAttachment Load (0.2ms)[0m  [1m[34mSELECT "attachments".* FROM "attachments" WHERE "attachments"."processing_node_id" = 27 /*application='Q224'*/[0m
  [1m[36mAttachment Destroy (1.3ms)[0m  [1m[31mDELETE FROM "attachments" WHERE "attachments"."id" = 10 /*application='Q224'*/[0m
  [1m[36mProcessingNode Destroy (0.3ms)[0m  [1m[31mDELETE FROM "processing_nodes" WHERE "processing_nodes"."id" = 27 /*application='Q224'*/[0m
  [1m[36mDiffRecord Load (0.2ms)[0m  [1m[34mSELECT "diff_records".* FROM "diff_records" WHERE "diff_records"."processing_node_id" = 28 /*application='Q224'*/[0m
  [1m[36mAttachment Load (0.2ms)[0m  [1m[34mSELECT "attachments".* FROM "attachments" WHERE "attachments"."processing_node_id" = 28 /*application='Q224'*/[0m
  [1m[36mProcessingNode Destroy (0.2ms)[0m  [1m[31mDELETE FROM "processing_nodes" WHERE "processing_nodes"."id" = 28 /*application='Q224'*/[0m
  [1m[36mDiffRecord Load (0.3ms)[0m  [1m[34mSELECT "diff_records".* FROM "diff_records" WHERE "diff_records"."processing_node_id" = 29 /*application='Q224'*/[0m
  [1m[36mDiffRecord Destroy (0.4ms)[0m  [1m[31mDELETE FROM "diff_records" WHERE "diff_records"."id" = 10 /*application='Q224'*/[0m
  [1m[36mAttachment Load (0.3ms)[0m  [1m[34mSELECT "attachments".* FROM "attachments" WHERE "attachments"."processing_node_id" = 29 /*application='Q224'*/[0m
  [1m[36mProcessingNode Destroy (0.5ms)[0m  [1m[31mDELETE FROM "processing_nodes" WHERE "processing_nodes"."id" = 29 /*application='Q224'*/[0m
  [1m[36mDiffRecord Load (0.3ms)[0m  [1m[34mSELECT "diff_records".* FROM "diff_records" WHERE "diff_records"."processing_node_id" = 30 /*application='Q224'*/[0m
  [1m[36mAttachment Load (0.3ms)[0m  [1m[34mSELECT "attachments".* FROM "attachments" WHERE "attachments"."processing_node_id" = 30 /*application='Q224'*/[0m
  [1m[36mProcessingNode Destroy (1.5ms)[0m  [1m[31mDELETE FROM "processing_nodes" WHERE "processing_nodes"."id" = 30 /*application='Q224'*/[0m
  [1m[36mDiffRecord Load (0.3ms)[0m  [1m[34mSELECT "diff_records".* FROM "diff_records" WHERE "diff_records"."grade_correction_id" = 5 /*application='Q224'*/[0m
  [1m[36mAttachment Load (0.2ms)[0m  [1m[34mSELECT "attachments".* FROM "attachments" WHERE "attachments"."grade_correction_id" = 5 /*application='Q224'*/[0m
  [1m[36mGradeCorrection Destroy (1.1ms)[0m  [1m[31mDELETE FROM "grade_corrections" WHERE "grade_corrections"."id" = 5 /*application='Q224'*/[0m
  [1m[36mProcessingNode Load (0.2ms)[0m  [1m[34mSELECT "processing_nodes".* FROM "processing_nodes" WHERE "processing_nodes"."grade_correction_id" = 6 ORDER BY "processing_nodes"."created_at" ASC /*application='Q224'*/[0m
  [1m[36mDiffRecord Load (0.3ms)[0m  [1m[34mSELECT "diff_records".* FROM "diff_records" WHERE "diff_records"."processing_node_id" = 31 /*application='Q224'*/[0m
  [1m[36mAttachment Load (0.2ms)[0m  [1m[34mSELECT "attachments".* FROM "attachments" WHERE "attachments"."processing_node_id" = 31 /*application='Q224'*/[0m
  [1m[36mAttachment Destroy (0.2ms)[0m  [1m[31mDELETE FROM "attachments" WHERE "attachments"."id" = 11 /*application='Q224'*/[0m
  [1m[36mProcessingNode Destroy (0.2ms)[0m  [1m[31mDELETE FROM "processing_nodes" WHERE "processing_nodes"."id" = 31 /*application='Q224'*/[0m
  [1m[36mDiffRecord Load (0.3ms)[0m  [1m[34mSELECT "diff_records".* FROM "diff_records" WHERE "diff_records"."processing_node_id" = 32 /*application='Q224'*/[0m
  [1m[36mAttachment Load (0.7ms)[0m  [1m[34mSELECT "attachments".* FROM "attachments" WHERE "attachments"."processing_node_id" = 32 /*application='Q224'*/[0m
  [1m[36mProcessingNode Destroy (0.5ms)[0m  [1m[31mDELETE FROM "processing_nodes" WHERE "processing_nodes"."id" = 32 /*application='Q224'*/[0m
  [1m[36mDiffRecord Load (0.2ms)[0m  [1m[34mSELECT "diff_records".* FROM "diff_records" WHERE "diff_records"."processing_node_id" = 33 /*application='Q224'*/[0m
  [1m[36mDiffRecord Destroy (0.2ms)[0m  [1m[31mDELETE FROM "diff_records" WHERE "diff_records"."id" = 11 /*application='Q224'*/[0m
  [1m[36mDiffRecord Destroy (0.2ms)[0m  [1m[31mDELETE FROM "diff_records" WHERE "diff_records"."id" = 12 /*application='Q224'*/[0m
  [1m[36mAttachment Load (0.4ms)[0m  [1m[34mSELECT "attachments".* FROM "attachments" WHERE "attachments"."processing_node_id" = 33 /*application='Q224'*/[0m
  [1m[36mAttachment Destroy (0.2ms)[0m  [1m[31mDELETE FROM "attachments" WHERE "attachments"."id" = 12 /*application='Q224'*/[0m
  [1m[36mProcessingNode Destroy (0.8ms)[0m  [1m[31mDELETE FROM "processing_nodes" WHERE "processing_nodes"."id" = 33 /*application='Q224'*/[0m
  [1m[36mDiffRecord Load (0.5ms)[0m  [1m[34mSELECT "diff_records".* FROM "diff_records" WHERE "diff_records"."processing_node_id" = 34 /*application='Q224'*/[0m
  [1m[36mAttachment Load (4.6ms)[0m  [1m[34mSELECT "attachments".* FROM "attachments" WHERE "attachments"."processing_node_id" = 34 /*application='Q224'*/[0m
  [1m[36mProcessingNode Destroy (0.6ms)[0m  [1m[31mDELETE FROM "processing_nodes" WHERE "processing_nodes"."id" = 34 /*application='Q224'*/[0m
  [1m[36mDiffRecord Load (0.3ms)[0m  [1m[34mSELECT "diff_records".* FROM "diff_records" WHERE "diff_records"."grade_correction_id" = 6 /*application='Q224'*/[0m
  [1m[36mAttachment Load (0.6ms)[0m  [1m[34mSELECT "attachments".* FROM "attachments" WHERE "attachments"."grade_correction_id" = 6 /*application='Q224'*/[0m
  [1m[36mGradeCorrection Destroy (0.5ms)[0m  [1m[31mDELETE FROM "grade_corrections" WHERE "grade_corrections"."id" = 6 /*application='Q224'*/[0m
  [1m[36mProcessingNode Load (0.2ms)[0m  [1m[34mSELECT "processing_nodes".* FROM "processing_nodes" WHERE "processing_nodes"."grade_correction_id" = 7 ORDER BY "processing_nodes"."created_at" ASC /*application='Q224'*/[0m
  [1m[36mDiffRecord Load (0.2ms)[0m  [1m[34mSELECT "diff_records".* FROM "diff_records" WHERE "diff_records"."processing_node_id" = 35 /*application='Q224'*/[0m
  [1m[36mAttachment Load (0.2ms)[0m  [1m[34mSELECT "attachments".* FROM "attachments" WHERE "attachments"."processing_node_id" = 35 /*application='Q224'*/[0m
  [1m[36mProcessingNode Destroy (0.3ms)[0m  [1m[31mDELETE FROM "processing_nodes" WHERE "processing_nodes"."id" = 35 /*application='Q224'*/[0m
  [1m[36mDiffRecord Load (0.2ms)[0m  [1m[34mSELECT "diff_records".* FROM "diff_records" WHERE "diff_records"."processing_node_id" = 36 /*application='Q224'*/[0m
  [1m[36mAttachment Load (0.2ms)[0m  [1m[34mSELECT "attachments".* FROM "attachments" WHERE "attachments"."processing_node_id" = 36 /*application='Q224'*/[0m
  [1m[36mProcessingNode Destroy (0.5ms)[0m  [1m[31mDELETE FROM "processing_nodes" WHERE "processing_nodes"."id" = 36 /*application='Q224'*/[0m
  [1m[36mDiffRecord Load (0.2ms)[0m  [1m[34mSELECT "diff_records".* FROM "diff_records" WHERE "diff_records"."grade_correction_id" = 7 /*application='Q224'*/[0m
  [1m[36mAttachment Load (0.2ms)[0m  [1m[34mSELECT "attachments".* FROM "attachments" WHERE "attachments"."grade_correction_id" = 7 /*application='Q224'*/[0m
  [1m[36mGradeCorrection Destroy (0.5ms)[0m  [1m[31mDELETE FROM "grade_corrections" WHERE "grade_corrections"."id" = 7 /*application='Q224'*/[0m
  [1m[36mProcessingNode Load (0.2ms)[0m  [1m[34mSELECT "processing_nodes".* FROM "processing_nodes" WHERE "processing_nodes"."grade_correction_id" = 8 ORDER BY "processing_nodes"."created_at" ASC /*application='Q224'*/[0m
  [1m[36mDiffRecord Load (0.2ms)[0m  [1m[34mSELECT "diff_records".* FROM "diff_records" WHERE "diff_records"."processing_node_id" = 37 /*application='Q224'*/[0m
  [1m[36mAttachment Load (0.2ms)[0m  [1m[34mSELECT "attachments".* FROM "attachments" WHERE "attachments"."processing_node_id" = 37 /*application='Q224'*/[0m
  [1m[36mProcessingNode Destroy (0.6ms)[0m  [1m[31mDELETE FROM "processing_nodes" WHERE "processing_nodes"."id" = 37 /*application='Q224'*/[0m
  [1m[36mDiffRecord Load (0.3ms)[0m  [1m[34mSELECT "diff_records".* FROM "diff_records" WHERE "diff_records"."processing_node_id" = 38 /*application='Q224'*/[0m
  [1m[36mAttachment Load (0.3ms)[0m  [1m[34mSELECT "attachments".* FROM "attachments" WHERE "attachments"."processing_node_id" = 38 /*application='Q224'*/[0m
  [1m[36mProcessingNode Destroy (0.6ms)[0m  [1m[31mDELETE FROM "processing_nodes" WHERE "processing_nodes"."id" = 38 /*application='Q224'*/[0m
  [1m[36mDiffRecord Load (0.2ms)[0m  [1m[34mSELECT "diff_records".* FROM "diff_records" WHERE "diff_records"."processing_node_id" = 39 /*application='Q224'*/[0m
  [1m[36mAttachment Load (0.2ms)[0m  [1m[34mSELECT "attachments".* FROM "attachments" WHERE "attachments"."processing_node_id" = 39 /*application='Q224'*/[0m
  [1m[36mProcessingNode Destroy (1.0ms)[0m  [1m[31mDELETE FROM "processing_nodes" WHERE "processing_nodes"."id" = 39 /*application='Q224'*/[0m
  [1m[36mDiffRecord Load (2.0ms)[0m  [1m[34mSELECT "diff_records".* FROM "diff_records" WHERE "diff_records"."grade_correction_id" = 8 /*application='Q224'*/[0m
  [1m[36mAttachment Load (2.3ms)[0m  [1m[34mSELECT "attachments".* FROM "attachments" WHERE "attachments"."grade_correction_id" = 8 /*application='Q224'*/[0m
  [1m[36mGradeCorrection Destroy (1.5ms)[0m  [1m[31mDELETE FROM "grade_corrections" WHERE "grade_corrections"."id" = 8 /*application='Q224'*/[0m
  [1m[36mProcessingNode Load (0.2ms)[0m  [1m[34mSELECT "processing_nodes".* FROM "processing_nodes" WHERE "processing_nodes"."grade_correction_id" = 9 ORDER BY "processing_nodes"."created_at" ASC /*application='Q224'*/[0m
  [1m[36mDiffRecord Load (0.2ms)[0m  [1m[34mSELECT "diff_records".* FROM "diff_records" WHERE "diff_records"."processing_node_id" = 40 /*application='Q224'*/[0m
  [1m[36mAttachment Load (0.1ms)[0m  [1m[34mSELECT "attachments".* FROM "attachments" WHERE "attachments"."processing_node_id" = 40 /*application='Q224'*/[0m
  [1m[36mProcessingNode Destroy (0.2ms)[0m  [1m[31mDELETE FROM "processing_nodes" WHERE "processing_nodes"."id" = 40 /*application='Q224'*/[0m
  [1m[36mDiffRecord Load (0.1ms)[0m  [1m[34mSELECT "diff_records".* FROM "diff_records" WHERE "diff_records"."processing_node_id" = 41 /*application='Q224'*/[0m
  [1m[36mAttachment Load (0.1ms)[0m  [1m[34mSELECT "attachments".* FROM "attachments" WHERE "attachments"."processing_node_id" = 41 /*application='Q224'*/[0m
  [1m[36mProcessingNode Destroy (0.2ms)[0m  [1m[31mDELETE FROM "processing_nodes" WHERE "processing_nodes"."id" = 41 /*application='Q224'*/[0m
  [1m[36mDiffRecord Load (0.2ms)[0m  [1m[34mSELECT "diff_records".* FROM "diff_records" WHERE "diff_records"."processing_node_id" = 42 /*application='Q224'*/[0m
  [1m[36mDiffRecord Destroy (0.4ms)[0m  [1m[31mDELETE FROM "diff_records" WHERE "diff_records"."id" = 13 /*application='Q224'*/[0m
  [1m[36mDiffRecord Destroy (0.2ms)[0m  [1m[31mDELETE FROM "diff_records" WHERE "diff_records"."id" = 14 /*application='Q224'*/[0m
  [1m[36mAttachment Load (0.4ms)[0m  [1m[34mSELECT "attachments".* FROM "attachments" WHERE "attachments"."processing_node_id" = 42 /*application='Q224'*/[0m
  [1m[36mAttachment Destroy (0.3ms)[0m  [1m[31mDELETE FROM "attachments" WHERE "attachments"."id" = 13 /*application='Q224'*/[0m
  [1m[36mProcessingNode Destroy (0.6ms)[0m  [1m[31mDELETE FROM "processing_nodes" WHERE "processing_nodes"."id" = 42 /*application='Q224'*/[0m
  [1m[36mDiffRecord Load (0.2ms)[0m  [1m[34mSELECT "diff_records".* FROM "diff_records" WHERE "diff_records"."processing_node_id" = 43 /*application='Q224'*/[0m
  [1m[36mAttachment Load (0.2ms)[0m  [1m[34mSELECT "attachments".* FROM "attachments" WHERE "attachments"."processing_node_id" = 43 /*application='Q224'*/[0m
  [1m[36mProcessingNode Destroy (0.3ms)[0m  [1m[31mDELETE FROM "processing_nodes" WHERE "processing_nodes"."id" = 43 /*application='Q224'*/[0m
  [1m[36mDiffRecord Load (0.4ms)[0m  [1m[34mSELECT "diff_records".* FROM "diff_records" WHERE "diff_records"."processing_node_id" = 44 /*application='Q224'*/[0m
  [1m[36mAttachment Load (0.9ms)[0m  [1m[34mSELECT "attachments".* FROM "attachments" WHERE "attachments"."processing_node_id" = 44 /*application='Q224'*/[0m
  [1m[36mProcessingNode Destroy (0.4ms)[0m  [1m[31mDELETE FROM "processing_nodes" WHERE "processing_nodes"."id" = 44 /*application='Q224'*/[0m
  [1m[36mDiffRecord Load (0.2ms)[0m  [1m[34mSELECT "diff_records".* FROM "diff_records" WHERE "diff_records"."grade_correction_id" = 9 /*application='Q224'*/[0m
  [1m[36mAttachment Load (0.2ms)[0m  [1m[34mSELECT "attachments".* FROM "attachments" WHERE "attachments"."grade_correction_id" = 9 /*application='Q224'*/[0m
  [1m[36mGradeCorrection Destroy (0.4ms)[0m  [1m[31mDELETE FROM "grade_corrections" WHERE "grade_corrections"."id" = 9 /*application='Q224'*/[0m
  [1m[36mGradeCorrection Create (1.9ms)[0m  [1m[32mINSERT INTO "grade_corrections" ("application_no", "student_name", "student_id", "course_name", "course_code", "original_score", "corrected_score", "application_reason", "source", "applicant", "application_date", "current_owner_id", "status", "conclusion", "block_reason", "remedy_path", "evidence_conclusion", "notification_confirmed", "amount", "responsible_party", "critical_time", "created_at", "updated_at") VALUES ('GC20260001', '张三', '2023001001', '高等数学', 'MATH1001', 85.0, 92.0, '期末考试卷面成绩录入错误，实际得分应为92分。经核对答题卡和评分标准，第3大题第2小题满分10分，学生答对但未给分。', 'online', '张三', '2026-06-05', 6, 'archived', '经复核，确认成绩录入错误，同意更正。原始成绩85分，更正为92分。已通知学生及任课教师。', NULL, NULL, 'sufficient', TRUE, 0.0, '教务处录入人员', '2026-06-10 23:06:04.659813', '2026-06-12 23:06:04.660570', '2026-06-12 23:06:04.660570') RETURNING "id" /*application='Q224'*/[0m
  [1m[36mProcessingNode Create (0.6ms)[0m  [1m[32mINSERT INTO "processing_nodes" ("grade_correction_id", "node_type", "operator_id", "status", "content", "on_site_explanation", "business_record", "created_at", "updated_at") VALUES (10, 'create', 6, 'archived', '申请提交', NULL, NULL, '2026-06-12 23:06:04.665082', '2026-06-12 23:06:04.665082') RETURNING "id" /*application='Q224'*/[0m
  ↳ app/models/grade_correction.rb:296:in 'GradeCorrection#create_node'
  [1m[36mProcessingNode Create (4.7ms)[0m  [1m[32mINSERT INTO "processing_nodes" ("grade_correction_id", "node_type", "operator_id", "status", "content", "on_site_explanation", "business_record", "created_at", "updated_at") VALUES (10, 'create', 5, 'pending', '学生在线提交成绩更正申请', NULL, '学生通过教务系统提交申请，附原始成绩单扫描件和答题卡照片', '2026-06-12 23:06:04.666815', '2026-06-12 23:06:04.666815') RETURNING "id" /*application='Q224'*/[0m
  [1m[36mProcessingNode Create (0.3ms)[0m  [1m[32mINSERT INTO "processing_nodes" ("grade_correction_id", "node_type", "operator_id", "status", "content", "on_site_explanation", "business_record", "created_at", "updated_at") VALUES (10, 'accept', 5, 'accepted', '受理申请，材料齐全', NULL, '核对学生身份、课程信息，申请材料完整', '2026-06-12 23:06:04.672838', '2026-06-12 23:06:04.672838') RETURNING "id" /*application='Q224'*/[0m
  [1m[36mProcessingNode Create (2.3ms)[0m  [1m[32mINSERT INTO "processing_nodes" ("grade_correction_id", "node_type", "operator_id", "status", "content", "on_site_explanation", "business_record", "created_at", "updated_at") VALUES (10, 'processing', 5, 'processing', '联系任课教师王教授核实情况', '经与王教授电话沟通并核对原始试卷，确认分数录入错误', '王教授确认评分有误，第3大题第2小题学生答案正确，应得10分', '2026-06-12 23:06:04.675120', '2026-06-12 23:06:04.675120') RETURNING "id" /*application='Q224'*/[0m
  [1m[36mProcessingNode Create (0.3ms)[0m  [1m[32mINSERT INTO "processing_nodes" ("grade_correction_id", "node_type", "operator_id", "status", "content", "on_site_explanation", "business_record", "created_at", "updated_at") VALUES (10, 'submit_review', 5, 'reviewing', '处理完成，提交复核', NULL, '已核实情况，原始成绩85分，建议更正为92分', '2026-06-12 23:06:04.678641', '2026-06-12 23:06:04.678641') RETURNING "id" /*application='Q224'*/[0m
  [1m[36mProcessingNode Create (0.4ms)[0m  [1m[32mINSERT INTO "processing_nodes" ("grade_correction_id", "node_type", "operator_id", "status", "content", "on_site_explanation", "business_record", "created_at", "updated_at") VALUES (10, 'approve', 6, 'archived', '复核通过，同意更正', NULL, '复核所有材料，确认情况属实，同意成绩更正', '2026-06-12 23:06:04.680012', '2026-06-12 23:06:04.680012') RETURNING "id" /*application='Q224'*/[0m
  [1m[36mProcessingNode Load (0.3ms)[0m  [1m[34mSELECT "processing_nodes".* FROM "processing_nodes" WHERE "processing_nodes"."grade_correction_id" = 10 ORDER BY "processing_nodes"."created_at" ASC LIMIT 1 /*application='Q224'*/[0m
  [1m[36mAttachment Create (0.8ms)[0m  [1m[32mINSERT INTO "attachments" ("grade_correction_id", "processing_node_id", "file_name", "file_type", "description", "evidence_type", "created_at", "updated_at") VALUES (10, 45, '成绩单扫描件.pdf', 'application/pdf', '学生原始成绩单', 'transcript', '2026-06-12 23:06:04.684075', '2026-06-12 23:06:04.684075') RETURNING "id" /*application='Q224'*/[0m
  [1m[36mProcessingNode Load (1.0ms)[0m  [1m[34mSELECT "processing_nodes".* FROM "processing_nodes" WHERE "processing_nodes"."grade_correction_id" = 10 ORDER BY "processing_nodes"."created_at" ASC LIMIT 1 OFFSET 2 /*application='Q224'*/[0m
  [1m[36mAttachment Create (0.4ms)[0m  [1m[32mINSERT INTO "attachments" ("grade_correction_id", "processing_node_id", "file_name", "file_type", "description", "evidence_type", "created_at", "updated_at") VALUES (10, 47, '试卷答题卡.jpg', 'image/jpeg', '学生答题卡照片，显示第3大题第2小题答对', 'exam_paper', '2026-06-12 23:06:04.687822', '2026-06-12 23:06:04.687822') RETURNING "id" /*application='Q224'*/[0m
  [1m[36mProcessingNode Load (0.7ms)[0m  [1m[34mSELECT "processing_nodes".* FROM "processing_nodes" WHERE "processing_nodes"."grade_correction_id" = 10 ORDER BY "processing_nodes"."created_at" ASC LIMIT 1 OFFSET 3 /*application='Q224'*/[0m
  [1m[36mDiffRecord Create (0.8ms)[0m  [1m[32mINSERT INTO "diff_records" ("grade_correction_id", "processing_node_id", "field_name", "old_value", "new_value", "operator_id", "created_at", "updated_at") VALUES (10, 48, 'corrected_score', '85', '92', 5, '2026-06-12 23:06:04.691847', '2026-06-12 23:06:04.691847') RETURNING "id" /*application='Q224'*/[0m
  [1m[36mProcessingNode Load (0.3ms)[0m  [1m[34mSELECT "processing_nodes".* FROM "processing_nodes" WHERE "processing_nodes"."grade_correction_id" = 10 ORDER BY "processing_nodes"."created_at" ASC LIMIT 1 OFFSET 3 /*application='Q224'*/[0m
  [1m[36mDiffRecord Create (0.4ms)[0m  [1m[32mINSERT INTO "diff_records" ("grade_correction_id", "processing_node_id", "field_name", "old_value", "new_value", "operator_id", "created_at", "updated_at") VALUES (10, 48, 'evidence_conclusion', 'pending', 'sufficient', 5, '2026-06-12 23:06:04.694751', '2026-06-12 23:06:04.694751') RETURNING "id" /*application='Q224'*/[0m
  [1m[36mGradeCorrection Create (0.3ms)[0m  [1m[32mINSERT INTO "grade_corrections" ("application_no", "student_name", "student_id", "course_name", "course_code", "original_score", "corrected_score", "application_reason", "source", "applicant", "application_date", "current_owner_id", "status", "conclusion", "block_reason", "remedy_path", "evidence_conclusion", "notification_confirmed", "amount", "responsible_party", "critical_time", "created_at", "updated_at") VALUES ('GC20260002', '李四', '2023001002', '大学物理', 'PHYS1002', 58.0, 75.0, '学生认为平时成绩计算有误，申请重新核算。', 'offline', '李四', '2026-06-07', 6, 'rejected', '申请资格不符，予以驳回。', '1. 学生已修完该课程并取得最终成绩，根据《本科生成绩管理规定》第15条，成绩公布后超过15个工作日不予受理；2. 学生无法提供任课教师签字的成绩异议证明；3. 平时成绩构成包含考勤、作业、小测验等多项，学生仅对其中一项有异议但无法提供充分证据。', '1. 学生需在成绩公布后15个工作日内提交申请；2. 需提供任课教师出具的成绩复核意见书；3. 如有考试试卷评分异议，需在考试结束后3个工作日内提出书面申请；4. 建议学生申请成绩复查而非更正，复查流程需填写《成绩复查申请表》并经学院教学秘书签字。', 'insufficient', TRUE, 0.0, '学生本人', '2026-06-09 23:06:04.695938', '2026-06-12 23:06:04.696214', '2026-06-12 23:06:04.696214') RETURNING "id" /*application='Q224'*/[0m
  [1m[36mProcessingNode Create (0.5ms)[0m  [1m[32mINSERT INTO "processing_nodes" ("grade_correction_id", "node_type", "operator_id", "status", "content", "on_site_explanation", "business_record", "created_at", "updated_at") VALUES (11, 'create', 6, 'rejected', '申请提交', NULL, NULL, '2026-06-12 23:06:04.697710', '2026-06-12 23:06:04.697710') RETURNING "id" /*application='Q224'*/[0m
  ↳ app/models/grade_correction.rb:296:in 'GradeCorrection#create_node'
  [1m[36mProcessingNode Create (0.5ms)[0m  [1m[32mINSERT INTO "processing_nodes" ("grade_correction_id", "node_type", "operator_id", "status", "content", "on_site_explanation", "business_record", "created_at", "updated_at") VALUES (11, 'create', 7, 'pending', '学生线下提交纸质申请', NULL, '学生提交《成绩更正申请表》，但未附任课教师证明', '2026-06-12 23:06:04.699031', '2026-06-12 23:06:04.699031') RETURNING "id" /*application='Q224'*/[0m
  [1m[36mProcessingNode Create (0.3ms)[0m  [1m[32mINSERT INTO "processing_nodes" ("grade_correction_id", "node_type", "operator_id", "status", "content", "on_site_explanation", "business_record", "created_at", "updated_at") VALUES (11, 'accept', 7, 'accepted', '受理申请，待补充材料', NULL, '初步受理，告知学生需补充任课教师证明材料', '2026-06-12 23:06:04.700621', '2026-06-12 23:06:04.700621') RETURNING "id" /*application='Q224'*/[0m
  [1m[36mProcessingNode Create (0.3ms)[0m  [1m[32mINSERT INTO "processing_nodes" ("grade_correction_id", "node_type", "operator_id", "status", "content", "on_site_explanation", "business_record", "created_at", "updated_at") VALUES (11, 'processing', 7, 'processing', '审核申请材料', '经核查教务系统记录，该课程成绩已于30日前公布，超出受理时限', '发现申请已超过15个工作日受理期限，且缺少必要证明材料', '2026-06-12 23:06:04.702066', '2026-06-12 23:06:04.702066') RETURNING "id" /*application='Q224'*/[0m
  [1m[36mProcessingNode Create (0.2ms)[0m  [1m[32mINSERT INTO "processing_nodes" ("grade_correction_id", "node_type", "operator_id", "status", "content", "on_site_explanation", "business_record", "created_at", "updated_at") VALUES (11, 'submit_review', 7, 'reviewing', '初审不通过，建议驳回', NULL, '资格不符：超出受理时限、材料不全，建议驳回申请', '2026-06-12 23:06:04.703438', '2026-06-12 23:06:04.703438') RETURNING "id" /*application='Q224'*/[0m
  [1m[36mProcessingNode Create (0.2ms)[0m  [1m[32mINSERT INTO "processing_nodes" ("grade_correction_id", "node_type", "operator_id", "status", "content", "on_site_explanation", "business_record", "created_at", "updated_at") VALUES (11, 'reject', 6, 'rejected', '申请驳回，资格不符', NULL, '复核确认：超出受理时限，证据不足，不符合《本科生成绩管理规定》相关条款', '2026-06-12 23:06:04.704737', '2026-06-12 23:06:04.704737') RETURNING "id" /*application='Q224'*/[0m
  [1m[36mProcessingNode Load (0.4ms)[0m  [1m[34mSELECT "processing_nodes".* FROM "processing_nodes" WHERE "processing_nodes"."grade_correction_id" = 11 ORDER BY "processing_nodes"."created_at" ASC LIMIT 1 /*application='Q224'*/[0m
  [1m[36mAttachment Create (0.4ms)[0m  [1m[32mINSERT INTO "attachments" ("grade_correction_id", "processing_node_id", "file_name", "file_type", "description", "evidence_type", "created_at", "updated_at") VALUES (11, 51, '成绩更正申请表.pdf', 'application/pdf', '学生填写的申请表', 'appeal_letter', '2026-06-12 23:06:04.707689', '2026-06-12 23:06:04.707689') RETURNING "id" /*application='Q224'*/[0m
  [1m[36mProcessingNode Load (0.4ms)[0m  [1m[34mSELECT "processing_nodes".* FROM "processing_nodes" WHERE "processing_nodes"."grade_correction_id" = 11 ORDER BY "processing_nodes"."created_at" ASC LIMIT 1 OFFSET 2 /*application='Q224'*/[0m
  [1m[36mAttachment Create (0.6ms)[0m  [1m[32mINSERT INTO "attachments" ("grade_correction_id", "processing_node_id", "file_name", "file_type", "description", "evidence_type", "created_at", "updated_at") VALUES (11, 53, '教务系统记录截图.png', 'image/png', '显示成绩公布日期为30日前', 'other', '2026-06-12 23:06:04.710028', '2026-06-12 23:06:04.710028') RETURNING "id" /*application='Q224'*/[0m
  [1m[36mProcessingNode Load (0.2ms)[0m  [1m[34mSELECT "processing_nodes".* FROM "processing_nodes" WHERE "processing_nodes"."grade_correction_id" = 11 ORDER BY "processing_nodes"."created_at" ASC LIMIT 1 OFFSET 3 /*application='Q224'*/[0m
  [1m[36mDiffRecord Create (0.6ms)[0m  [1m[32mINSERT INTO "diff_records" ("grade_correction_id", "processing_node_id", "field_name", "old_value", "new_value", "operator_id", "created_at", "updated_at") VALUES (11, 54, 'evidence_conclusion', 'pending', 'insufficient', 7, '2026-06-12 23:06:04.712907', '2026-06-12 23:06:04.712907') RETURNING "id" /*application='Q224'*/[0m
  [1m[36mProcessingNode Load (0.3ms)[0m  [1m[34mSELECT "processing_nodes".* FROM "processing_nodes" WHERE "processing_nodes"."grade_correction_id" = 11 ORDER BY "processing_nodes"."created_at" ASC LIMIT 1 OFFSET 3 /*application='Q224'*/[0m
  [1m[36mDiffRecord Create (2.8ms)[0m  [1m[32mINSERT INTO "diff_records" ("grade_correction_id", "processing_node_id", "field_name", "old_value", "new_value", "operator_id", "created_at", "updated_at") VALUES (11, 54, 'block_reason', '', '超出受理时限且材料不全', 7, '2026-06-12 23:06:04.716079', '2026-06-12 23:06:04.716079') RETURNING "id" /*application='Q224'*/[0m
  [1m[36mGradeCorrection Create (3.3ms)[0m  [1m[32mINSERT INTO "grade_corrections" ("application_no", "student_name", "student_id", "course_name", "course_code", "original_score", "corrected_score", "application_reason", "source", "applicant", "application_date", "current_owner_id", "status", "conclusion", "block_reason", "remedy_path", "evidence_conclusion", "notification_confirmed", "amount", "responsible_party", "critical_time", "created_at", "updated_at") VALUES ('GC20260003', '王五', '2023001003', '计算机网络', 'CS2001', 72.0, 85.0, '期末机考成绩统计错误，系统显示的成绩与实际作答情况不符。', 'email', '刘老师（任课教师）', '2026-06-02', 5, 'returned', '存在时间窗口冲突，需进一步核实。', '1. 成绩更正申请提交时间与下学期选课时间窗口重叠，可能影响学生选课优先级；2. 该课程成绩为前置课程要求，成绩变更可能影响已选课程的资格审核；3. 机考系统日志显示成绩统计期间有系统维护记录，需技术部门出具正式说明。', '1. 待选课窗口期结束后（预计3个工作日）再进行成绩更正操作；2. 需信息技术中心出具机考系统故障的正式技术鉴定报告；3. 核实学生下学期选课情况，如因成绩变更影响选课资格，需单独处理；4. 通知学生和相关学院教学秘书，说明时间冲突情况及预计处理时间。', 'pending', FALSE, 500.0, '信息技术中心', '2026-06-13 23:06:04.719842', '2026-06-12 23:06:04.720169', '2026-06-12 23:06:04.720169') RETURNING "id" /*application='Q224'*/[0m
  [1m[36mProcessingNode Create (0.5ms)[0m  [1m[32mINSERT INTO "processing_nodes" ("grade_correction_id", "node_type", "operator_id", "status", "content", "on_site_explanation", "business_record", "created_at", "updated_at") VALUES (12, 'create', 5, 'returned', '申请提交', NULL, NULL, '2026-06-12 23:06:04.725279', '2026-06-12 23:06:04.725279') RETURNING "id" /*application='Q224'*/[0m
  ↳ app/models/grade_correction.rb:296:in 'GradeCorrection#create_node'
  [1m[36mProcessingNode Create (0.2ms)[0m  [1m[32mINSERT INTO "processing_nodes" ("grade_correction_id", "node_type", "operator_id", "status", "content", "on_site_explanation", "business_record", "created_at", "updated_at") VALUES (12, 'create', 5, 'pending', '任课教师邮件提交申请', NULL, '刘老师发邮件说明机考成绩统计问题，附系统截图和班级成绩对照表', '2026-06-12 23:06:04.726581', '2026-06-12 23:06:04.726581') RETURNING "id" /*application='Q224'*/[0m
  [1m[36mProcessingNode Create (0.3ms)[0m  [1m[32mINSERT INTO "processing_nodes" ("grade_correction_id", "node_type", "operator_id", "status", "content", "on_site_explanation", "business_record", "created_at", "updated_at") VALUES (12, 'accept', 5, 'accepted', '受理教师申请', NULL, '核对教师身份和课程信息，申请事由合理', '2026-06-12 23:06:04.728363', '2026-06-12 23:06:04.728363') RETURNING "id" /*application='Q224'*/[0m
  [1m[36mProcessingNode Create (0.2ms)[0m  [1m[32mINSERT INTO "processing_nodes" ("grade_correction_id", "node_type", "operator_id", "status", "content", "on_site_explanation", "business_record", "created_at", "updated_at") VALUES (12, 'processing', 5, 'processing', '联系信息中心核查系统日志', '发现当前处于选课窗口期，成绩变更可能影响学生选课', '信息中心反馈成绩统计期间有2小时系统维护，可能影响成绩计算', '2026-06-12 23:06:04.729611', '2026-06-12 23:06:04.729611') RETURNING "id" /*application='Q224'*/[0m
  [1m[36mProcessingNode Create (0.2ms)[0m  [1m[32mINSERT INTO "processing_nodes" ("grade_correction_id", "node_type", "operator_id", "status", "content", "on_site_explanation", "business_record", "created_at", "updated_at") VALUES (12, 'submit_review', 5, 'reviewing', '技术问题待确认，提交复核', NULL, '存在时间窗口冲突问题，建议退回待技术部门出具正式报告', '2026-06-12 23:06:04.730795', '2026-06-12 23:06:04.730795') RETURNING "id" /*application='Q224'*/[0m
  [1m[36mProcessingNode Create (0.6ms)[0m  [1m[32mINSERT INTO "processing_nodes" ("grade_correction_id", "node_type", "operator_id", "status", "content", "on_site_explanation", "business_record", "created_at", "updated_at") VALUES (12, 'return', 8, 'returned', '退回补证：时间窗口冲突', NULL, '存在选课时间窗口冲突问题，需技术部门出具正式报告，待选课结束后再处理', '2026-06-12 23:06:04.732847', '2026-06-12 23:06:04.732847') RETURNING "id" /*application='Q224'*/[0m
  [1m[36mProcessingNode Load (0.3ms)[0m  [1m[34mSELECT "processing_nodes".* FROM "processing_nodes" WHERE "processing_nodes"."grade_correction_id" = 12 ORDER BY "processing_nodes"."created_at" ASC LIMIT 1 /*application='Q224'*/[0m
  [1m[36mAttachment Create (0.4ms)[0m  [1m[32mINSERT INTO "attachments" ("grade_correction_id", "processing_node_id", "file_name", "file_type", "description", "evidence_type", "created_at", "updated_at") VALUES (12, 57, '教师申请邮件.eml', 'message/rfc822', '任课教师申请邮件原文', 'appeal_letter', '2026-06-12 23:06:04.735799', '2026-06-12 23:06:04.735799') RETURNING "id" /*application='Q224'*/[0m
  [1m[36mProcessingNode Load (0.2ms)[0m  [1m[34mSELECT "processing_nodes".* FROM "processing_nodes" WHERE "processing_nodes"."grade_correction_id" = 12 ORDER BY "processing_nodes"."created_at" ASC LIMIT 1 OFFSET 2 /*application='Q224'*/[0m
  [1m[36mAttachment Create (0.4ms)[0m  [1m[32mINSERT INTO "attachments" ("grade_correction_id", "processing_node_id", "file_name", "file_type", "description", "evidence_type", "created_at", "updated_at") VALUES (12, 59, '系统维护记录.xlsx', 'application/vnd.openxmlformats-officedocument.spreadsheetml.sheet', '信息中心提供的系统维护记录', 'other', '2026-06-12 23:06:04.738109', '2026-06-12 23:06:04.738109') RETURNING "id" /*application='Q224'*/[0m
  [1m[36mProcessingNode Load (0.3ms)[0m  [1m[34mSELECT "processing_nodes".* FROM "processing_nodes" WHERE "processing_nodes"."grade_correction_id" = 12 ORDER BY "processing_nodes"."created_at" ASC LIMIT 1 OFFSET 2 /*application='Q224'*/[0m
  [1m[36mDiffRecord Create (0.6ms)[0m  [1m[32mINSERT INTO "diff_records" ("grade_correction_id", "processing_node_id", "field_name", "old_value", "new_value", "operator_id", "created_at", "updated_at") VALUES (12, 59, 'critical_time', '', '2026-06-13 23:06:04 UTC', 5, '2026-06-12 23:06:04.741481', '2026-06-12 23:06:04.741481') RETURNING "id" /*application='Q224'*/[0m
  [1m[36mProcessingNode Load (0.5ms)[0m  [1m[34mSELECT "processing_nodes".* FROM "processing_nodes" WHERE "processing_nodes"."grade_correction_id" = 12 ORDER BY "processing_nodes"."created_at" ASC LIMIT 1 OFFSET 2 /*application='Q224'*/[0m
  [1m[36mDiffRecord Create (0.4ms)[0m  [1m[32mINSERT INTO "diff_records" ("grade_correction_id", "processing_node_id", "field_name", "old_value", "new_value", "operator_id", "created_at", "updated_at") VALUES (12, 59, 'amount', '0', '500', 5, '2026-06-12 23:06:04.744760', '2026-06-12 23:06:04.744760') RETURNING "id" /*application='Q224'*/[0m
  [1m[36mProcessingNode Load (0.5ms)[0m  [1m[34mSELECT "processing_nodes".* FROM "processing_nodes" WHERE "processing_nodes"."grade_correction_id" = 12 ORDER BY "processing_nodes"."created_at" ASC LIMIT 1 OFFSET 4 /*application='Q224'*/[0m
  [1m[36mDiffRecord Create (1.4ms)[0m  [1m[32mINSERT INTO "diff_records" ("grade_correction_id", "processing_node_id", "field_name", "old_value", "new_value", "operator_id", "created_at", "updated_at") VALUES (12, 61, 'responsible_party', '', '信息技术中心', 8, '2026-06-12 23:06:04.747246', '2026-06-12 23:06:04.747246') RETURNING "id" /*application='Q224'*/[0m
  [1m[36mGradeCorrection Create (1.9ms)[0m  [1m[32mINSERT INTO "grade_corrections" ("application_no", "student_name", "student_id", "course_name", "course_code", "original_score", "corrected_score", "application_reason", "source", "applicant", "application_date", "current_owner_id", "status", "conclusion", "block_reason", "remedy_path", "evidence_conclusion", "notification_confirmed", "amount", "responsible_party", "critical_time", "created_at", "updated_at") VALUES ('GC20260004', '赵六', '2023001004', '线性代数', 'MATH2001', 60.0, 88.0, '平时作业成绩漏登，共5次作业成绩未计入总分。', 'online', '赵六', '2026-05-29', 7, 'processing', '处理完成，待学生确认通知。', '1. 成绩更正通知书已于5个工作日前发送至学生预留邮箱，但学生尚未确认收到；2. 电话联系3次均未接通，短信已发送但未回复；3. 根据规定，需学生本人确认后方可完成最终归档。', '1. 通过辅导员联系学生，确认是否收到通知；2. 如7个工作日内仍无法联系到学生，将按照《学生成绩管理规定》进行公告送达；3. 公告送达满10个工作日后视为已送达，可完成归档；4. 同步更新学生联系方式，确保后续通知送达。', 'sufficient', FALSE, 0.0, '任课教师', '2026-06-07 23:06:04.754728', '2026-06-12 23:06:04.755014', '2026-06-12 23:06:04.755014') RETURNING "id" /*application='Q224'*/[0m
  [1m[36mProcessingNode Create (0.5ms)[0m  [1m[32mINSERT INTO "processing_nodes" ("grade_correction_id", "node_type", "operator_id", "status", "content", "on_site_explanation", "business_record", "created_at", "updated_at") VALUES (13, 'create', 7, 'processing', '申请提交', NULL, NULL, '2026-06-12 23:06:04.758257', '2026-06-12 23:06:04.758257') RETURNING "id" /*application='Q224'*/[0m
  ↳ app/models/grade_correction.rb:296:in 'GradeCorrection#create_node'
  [1m[36mProcessingNode Create (0.3ms)[0m  [1m[32mINSERT INTO "processing_nodes" ("grade_correction_id", "node_type", "operator_id", "status", "content", "on_site_explanation", "business_record", "created_at", "updated_at") VALUES (13, 'create', 7, 'pending', '学生在线提交申请', NULL, '学生提交作业成绩截图和教师确认邮件', '2026-06-12 23:06:04.759575', '2026-06-12 23:06:04.759575') RETURNING "id" /*application='Q224'*/[0m
  [1m[36mProcessingNode Create (0.3ms)[0m  [1m[32mINSERT INTO "processing_nodes" ("grade_correction_id", "node_type", "operator_id", "status", "content", "on_site_explanation", "business_record", "created_at", "updated_at") VALUES (13, 'accept', 7, 'accepted', '受理申请', NULL, '材料齐全，受理申请', '2026-06-12 23:06:04.760972', '2026-06-12 23:06:04.760972') RETURNING "id" /*application='Q224'*/[0m
  [1m[36mProcessingNode Create (0.3ms)[0m  [1m[32mINSERT INTO "processing_nodes" ("grade_correction_id", "node_type", "operator_id", "status", "content", "on_site_explanation", "business_record", "created_at", "updated_at") VALUES (13, 'processing', 7, 'processing', '核实作业成绩', '已发送成绩更正通知书至学生邮箱，等待确认', '任课教师确认5次作业成绩漏登，平时成绩应为95分而非40分。综合计算后课程成绩应为88分。', '2026-06-12 23:06:04.762922', '2026-06-12 23:06:04.762922') RETURNING "id" /*application='Q224'*/[0m
  [1m[36mProcessingNode Load (0.2ms)[0m  [1m[34mSELECT "processing_nodes".* FROM "processing_nodes" WHERE "processing_nodes"."grade_correction_id" = 13 ORDER BY "processing_nodes"."created_at" ASC LIMIT 1 /*application='Q224'*/[0m
  [1m[36mAttachment Create (0.2ms)[0m  [1m[32mINSERT INTO "attachments" ("grade_correction_id", "processing_node_id", "file_name", "file_type", "description", "evidence_type", "created_at", "updated_at") VALUES (13, 63, '作业成绩截图.zip', 'application/zip', '5次作业的成绩系统截图', 'transcript', '2026-06-12 23:06:04.765119', '2026-06-12 23:06:04.765119') RETURNING "id" /*application='Q224'*/[0m
  [1m[36mProcessingNode Load (0.3ms)[0m  [1m[34mSELECT "processing_nodes".* FROM "processing_nodes" WHERE "processing_nodes"."grade_correction_id" = 13 ORDER BY "processing_nodes"."created_at" ASC LIMIT 1 OFFSET 2 /*application='Q224'*/[0m
  [1m[36mAttachment Create (0.6ms)[0m  [1m[32mINSERT INTO "attachments" ("grade_correction_id", "processing_node_id", "file_name", "file_type", "description", "evidence_type", "created_at", "updated_at") VALUES (13, 65, '通知书发送记录.png', 'image/png', '邮件发送成功截图', 'notification', '2026-06-12 23:06:04.768338', '2026-06-12 23:06:04.768338') RETURNING "id" /*application='Q224'*/[0m
  [1m[36mProcessingNode Load (0.4ms)[0m  [1m[34mSELECT "processing_nodes".* FROM "processing_nodes" WHERE "processing_nodes"."grade_correction_id" = 13 ORDER BY "processing_nodes"."created_at" ASC LIMIT 1 OFFSET 2 /*application='Q224'*/[0m
  [1m[36mDiffRecord Create (0.5ms)[0m  [1m[32mINSERT INTO "diff_records" ("grade_correction_id", "processing_node_id", "field_name", "old_value", "new_value", "operator_id", "created_at", "updated_at") VALUES (13, 65, 'corrected_score', '60', '88', 7, '2026-06-12 23:06:04.772899', '2026-06-12 23:06:04.772899') RETURNING "id" /*application='Q224'*/[0m
  [1m[36mProcessingNode Load (0.3ms)[0m  [1m[34mSELECT "processing_nodes".* FROM "processing_nodes" WHERE "processing_nodes"."grade_correction_id" = 13 ORDER BY "processing_nodes"."created_at" ASC LIMIT 1 OFFSET 2 /*application='Q224'*/[0m
  [1m[36mDiffRecord Create (0.4ms)[0m  [1m[32mINSERT INTO "diff_records" ("grade_correction_id", "processing_node_id", "field_name", "old_value", "new_value", "operator_id", "created_at", "updated_at") VALUES (13, 65, 'evidence_conclusion', 'pending', 'sufficient', 7, '2026-06-12 23:06:04.776280', '2026-06-12 23:06:04.776280') RETURNING "id" /*application='Q224'*/[0m
  [1m[36mGradeCorrection Create (0.6ms)[0m  [1m[32mINSERT INTO "grade_corrections" ("application_no", "student_name", "student_id", "course_name", "course_code", "original_score", "corrected_score", "application_reason", "source", "applicant", "application_date", "current_owner_id", "status", "conclusion", "block_reason", "remedy_path", "evidence_conclusion", "notification_confirmed", "amount", "responsible_party", "critical_time", "created_at", "updated_at") VALUES ('GC20260005', '孙七', '2023001005', '数据结构', 'CS2002', 78.0, 82.0, '实验报告成绩批改有误，申请复核。', 'online', '孙七', '2026-06-09', 5, 'pending', NULL, NULL, NULL, 'pending', FALSE, 0.0, '助教', '2026-06-19 23:06:04.777579', '2026-06-12 23:06:04.777840', '2026-06-12 23:06:04.777840') RETURNING "id" /*application='Q224'*/[0m
  [1m[36mProcessingNode Create (0.2ms)[0m  [1m[32mINSERT INTO "processing_nodes" ("grade_correction_id", "node_type", "operator_id", "status", "content", "on_site_explanation", "business_record", "created_at", "updated_at") VALUES (14, 'create', 5, 'pending', '申请提交', NULL, NULL, '2026-06-12 23:06:04.779570', '2026-06-12 23:06:04.779570') RETURNING "id" /*application='Q224'*/[0m
  ↳ app/models/grade_correction.rb:296:in 'GradeCorrection#create_node'
  [1m[36mProcessingNode Create (0.3ms)[0m  [1m[32mINSERT INTO "processing_nodes" ("grade_correction_id", "node_type", "operator_id", "status", "content", "on_site_explanation", "business_record", "created_at", "updated_at") VALUES (14, 'create', 5, 'pending', '学生在线提交申请', NULL, '附实验报告原文和评分标准', '2026-06-12 23:06:04.780574', '2026-06-12 23:06:04.780574') RETURNING "id" /*application='Q224'*/[0m
  [1m[36mGradeCorrection Create (0.4ms)[0m  [1m[32mINSERT INTO "grade_corrections" ("application_no", "student_name", "student_id", "course_name", "course_code", "original_score", "corrected_score", "application_reason", "source", "applicant", "application_date", "current_owner_id", "status", "conclusion", "block_reason", "remedy_path", "evidence_conclusion", "notification_confirmed", "amount", "responsible_party", "critical_time", "created_at", "updated_at") VALUES ('GC20260006', '周八', '2023001006', '概率论', 'MATH3001', 65.0, 78.0, '期末考试成绩统计错误。', 'offline', '周八', '2026-06-08', 7, 'accepted', NULL, NULL, NULL, 'pending', FALSE, 0.0, '教务处', '2026-06-18 23:06:04.782063', '2026-06-12 23:06:04.782255', '2026-06-12 23:06:04.782255') RETURNING "id" /*application='Q224'*/[0m
  [1m[36mProcessingNode Create (0.6ms)[0m  [1m[32mINSERT INTO "processing_nodes" ("grade_correction_id", "node_type", "operator_id", "status", "content", "on_site_explanation", "business_record", "created_at", "updated_at") VALUES (15, 'create', 7, 'accepted', '申请提交', NULL, NULL, '2026-06-12 23:06:04.784154', '2026-06-12 23:06:04.784154') RETURNING "id" /*application='Q224'*/[0m
  ↳ app/models/grade_correction.rb:296:in 'GradeCorrection#create_node'
  [1m[36mProcessingNode Create (1.5ms)[0m  [1m[32mINSERT INTO "processing_nodes" ("grade_correction_id", "node_type", "operator_id", "status", "content", "on_site_explanation", "business_record", "created_at", "updated_at") VALUES (15, 'create', 7, 'pending', '学生提交纸质申请', NULL, NULL, '2026-06-12 23:06:04.785791', '2026-06-12 23:06:04.785791') RETURNING "id" /*application='Q224'*/[0m
  [1m[36mProcessingNode Create (1.0ms)[0m  [1m[32mINSERT INTO "processing_nodes" ("grade_correction_id", "node_type", "operator_id", "status", "content", "on_site_explanation", "business_record", "created_at", "updated_at") VALUES (15, 'accept', 7, 'accepted', '已受理', NULL, NULL, '2026-06-12 23:06:04.788970', '2026-06-12 23:06:04.788970') RETURNING "id" /*application='Q224'*/[0m
  [1m[36mGradeCorrection Create (0.7ms)[0m  [1m[32mINSERT INTO "grade_corrections" ("application_no", "student_name", "student_id", "course_name", "course_code", "original_score", "corrected_score", "application_reason", "source", "applicant", "application_date", "current_owner_id", "status", "conclusion", "block_reason", "remedy_path", "evidence_conclusion", "notification_confirmed", "amount", "responsible_party", "critical_time", "created_at", "updated_at") VALUES ('GC20260007', '吴九', '2023001007', '操作系统', 'CS3001', 70.0, 85.0, '课程设计成绩未计入总分。', 'online', '吴九', '2026-06-04', 8, 'reviewing', NULL, NULL, NULL, 'sufficient', FALSE, 200.0, '任课教师', '2026-06-10 23:06:04.791224', '2026-06-12 23:06:04.792602', '2026-06-12 23:06:04.792602') RETURNING "id" /*application='Q224'*/[0m
  [1m[36mProcessingNode Create (0.3ms)[0m  [1m[32mINSERT INTO "processing_nodes" ("grade_correction_id", "node_type", "operator_id", "status", "content", "on_site_explanation", "business_record", "created_at", "updated_at") VALUES (16, 'create', 8, 'reviewing', '申请提交', NULL, NULL, '2026-06-12 23:06:04.794510', '2026-06-12 23:06:04.794510') RETURNING "id" /*application='Q224'*/[0m
  ↳ app/models/grade_correction.rb:296:in 'GradeCorrection#create_node'
  [1m[36mProcessingNode Create (2.5ms)[0m  [1m[32mINSERT INTO "processing_nodes" ("grade_correction_id", "node_type", "operator_id", "status", "content", "on_site_explanation", "business_record", "created_at", "updated_at") VALUES (16, 'create', 5, 'pending', '学生提交申请', NULL, NULL, '2026-06-12 23:06:04.796414', '2026-06-12 23:06:04.796414') RETURNING "id" /*application='Q224'*/[0m
  [1m[36mProcessingNode Create (1.6ms)[0m  [1m[32mINSERT INTO "processing_nodes" ("grade_correction_id", "node_type", "operator_id", "status", "content", "on_site_explanation", "business_record", "created_at", "updated_at") VALUES (16, 'accept', 5, 'accepted', '受理', NULL, NULL, '2026-06-12 23:06:04.800067', '2026-06-12 23:06:04.800067') RETURNING "id" /*application='Q224'*/[0m
  [1m[36mProcessingNode Create (0.4ms)[0m  [1m[32mINSERT INTO "processing_nodes" ("grade_correction_id", "node_type", "operator_id", "status", "content", "on_site_explanation", "business_record", "created_at", "updated_at") VALUES (16, 'processing', 5, 'processing', '核实情况，确认课程设计成绩漏登', NULL, NULL, '2026-06-12 23:06:04.802651', '2026-06-12 23:06:04.802651') RETURNING "id" /*application='Q224'*/[0m
  [1m[36mProcessingNode Create (1.7ms)[0m  [1m[32mINSERT INTO "processing_nodes" ("grade_correction_id", "node_type", "operator_id", "status", "content", "on_site_explanation", "business_record", "created_at", "updated_at") VALUES (16, 'submit_review', 5, 'reviewing', '提交复核', NULL, NULL, '2026-06-12 23:06:04.803871', '2026-06-12 23:06:04.803871') RETURNING "id" /*application='Q224'*/[0m
  [1m[36mProcessingNode Load (0.9ms)[0m  [1m[34mSELECT "processing_nodes".* FROM "processing_nodes" WHERE "processing_nodes"."grade_correction_id" = 16 ORDER BY "processing_nodes"."created_at" ASC LIMIT 1 OFFSET 2 /*application='Q224'*/[0m
  [1m[36mAttachment Create (0.5ms)[0m  [1m[32mINSERT INTO "attachments" ("grade_correction_id", "processing_node_id", "file_name", "file_type", "description", "evidence_type", "created_at", "updated_at") VALUES (16, 74, '课程设计报告.pdf', 'application/pdf', '学生课程设计报告，成绩为优秀', 'teacher_proof', '2026-06-12 23:06:04.809158', '2026-06-12 23:06:04.809158') RETURNING "id" /*application='Q224'*/[0m
  [1m[36mProcessingNode Load (0.3ms)[0m  [1m[34mSELECT "processing_nodes".* FROM "processing_nodes" WHERE "processing_nodes"."grade_correction_id" = 16 ORDER BY "processing_nodes"."created_at" ASC LIMIT 1 OFFSET 2 /*application='Q224'*/[0m
  [1m[36mDiffRecord Create (0.2ms)[0m  [1m[32mINSERT INTO "diff_records" ("grade_correction_id", "processing_node_id", "field_name", "old_value", "new_value", "operator_id", "created_at", "updated_at") VALUES (16, 74, 'corrected_score', '70', '85', 5, '2026-06-12 23:06:04.811769', '2026-06-12 23:06:04.811769') RETURNING "id" /*application='Q224'*/[0m
  [1m[36mProcessingNode Load (0.8ms)[0m  [1m[34mSELECT "processing_nodes".* FROM "processing_nodes" WHERE "processing_nodes"."grade_correction_id" = 16 ORDER BY "processing_nodes"."created_at" ASC LIMIT 1 OFFSET 2 /*application='Q224'*/[0m
  [1m[36mDiffRecord Create (0.7ms)[0m  [1m[32mINSERT INTO "diff_records" ("grade_correction_id", "processing_node_id", "field_name", "old_value", "new_value", "operator_id", "created_at", "updated_at") VALUES (16, 74, 'evidence_conclusion', 'pending', 'sufficient', 5, '2026-06-12 23:06:04.814385', '2026-06-12 23:06:04.814385') RETURNING "id" /*application='Q224'*/[0m
  [1m[36mUser Count (0.4ms)[0m  [1m[34mSELECT COUNT(*) FROM "users" /*application='Q224'*/[0m
  [1m[36mGradeCorrection Count (1.0ms)[0m  [1m[34mSELECT COUNT(*) FROM "grade_corrections" /*application='Q224'*/[0m
  [1m[36mGradeCorrection Count (1.4ms)[0m  [1m[34mSELECT COUNT(*) AS "count_all", "grade_corrections"."status" AS "grade_corrections_status" FROM "grade_corrections" GROUP BY "grade_corrections"."status" /*application='Q224'*/[0m
  [1m[36mGradeCorrection Count (0.5ms)[0m  [1m[34mSELECT COUNT(*) FROM "grade_corrections" WHERE "grade_corrections"."block_reason" IS NOT NULL /*application='Q224'*/[0m
  [1m[36mGradeCorrection Count (0.6ms)[0m  [1m[34mSELECT COUNT(*) FROM "grade_corrections" WHERE "grade_corrections"."notification_confirmed" = FALSE /*application='Q224'*/[0m
  [1m[36mProcessingNode Count (0.5ms)[0m  [1m[34mSELECT COUNT(*) FROM "processing_nodes" /*application='Q224'*/[0m
  [1m[36mDiffRecord Count (0.3ms)[0m  [1m[34mSELECT COUNT(*) FROM "diff_records" /*application='Q224'*/[0m
  [1m[36mAttachment Count (0.3ms)[0m  [1m[34mSELECT COUNT(*) FROM "attachments" /*application='Q224'*/[0m
  [1m[36mTRANSACTION (1.6ms)[0m  [1m[35mCOMMIT /*application='Q224'*/[0m
Writing tailwind-647dec47.css
Writing application-8b441ae0.css
Writing application-bfcdf840.js
Writing controllers/dropdown_controller-af133dff.js
Writing controllers/hello_controller-708796bd.js
Writing controllers/index-ee64e1f1.js
Writing controllers/application-3affb389.js
Writing stimulus.min-4b1e420e.js
Writing stimulus-d59b3b7f.js
Writing stimulus.min-2395e199.js.map
Writing stimulus-importmap-autoloader-64cc03e1.js
Writing stimulus-autoloader-9d447422.js
Writing stimulus-loading-1fc53fe7.js
Writing turbo.min-5eb167c2.js.map
Writing turbo-736fb387.js
Writing turbo.min-9fd88cd5.js
Writing actiontext.esm-c376325e.js
Writing actiontext-c9c6c481.js
Writing trix-4bf79781.js
Writing trix-65afdb1d.css
Writing action_cable-5212cfee.js
Writing actioncable.esm-e0ec9819.js
Writing actioncable-ac25813f.js
Writing activestorage.esm-81bb34bc.js
Writing activestorage-f9e46063.js
Writing rails-ujs.esm-e925103b.js
Writing rails-ujs-20eaf715.js
Started GET "/login" for 127.0.0.1 at 2026-06-13 07:09:46 +0800
  [1m[36mActiveRecord::SchemaMigration Load (2.5ms)[0m  [1m[34mSELECT "schema_migrations"."version" FROM "schema_migrations" ORDER BY "schema_migrations"."version" ASC /*application='Q224'*/[0m
  
NameError (uninitialized constant Pagy::Frontend):
  
app/helpers/application_helper.rb:2:in '<module:ApplicationHelper>'
app/helpers/application_helper.rb:1:in '<main>'
app/controllers/application_controller.rb:1:in '<main>'
app/controllers/sessions_controller.rb:1:in '<main>'
Started GET "/@vite/client" for 127.0.0.1 at 2026-06-13 07:09:46 +0800
  
ActionController::RoutingError (No route matches [GET] "/@vite/client"):
  
Started GET "/login" for 127.0.0.1 at 2026-06-13 07:16:44 +0800
  [1m[36mActiveRecord::SchemaMigration Load (1.5ms)[0m  [1m[34mSELECT "schema_migrations"."version" FROM "schema_migrations" ORDER BY "schema_migrations"."version" ASC /*application='Q224'*/[0m
  
NameError (uninitialized constant Pagy::Frontend):
  
app/helpers/application_helper.rb:2:in '<module:ApplicationHelper>'
app/helpers/application_helper.rb:1:in '<main>'
app/controllers/application_controller.rb:1:in '<main>'
app/controllers/sessions_controller.rb:1:in '<main>'
Started GET "/login" for 127.0.0.1 at 2026-06-13 07:17:38 +0800
  
NameError (uninitialized constant Pagy::Backend):
  
app/controllers/application_controller.rb:3:in '<class:ApplicationController>'
app/controllers/application_controller.rb:1:in '<main>'
app/controllers/sessions_controller.rb:1:in '<main>'
Started GET "/login" for 127.0.0.1 at 2026-06-13 07:18:56 +0800
  [1m[36mActiveRecord::SchemaMigration Load (1.1ms)[0m  [1m[34mSELECT "schema_migrations"."version" FROM "schema_migrations" ORDER BY "schema_migrations"."version" ASC /*application='Q224'*/[0m
  
ArgumentError (Before process_action callback :require_login has not been defined):
  
app/controllers/sessions_controller.rb:2:in '<class:SessionsController>'
app/controllers/sessions_controller.rb:1:in '<main>'
Started GET "/login" for 127.0.0.1 at 2026-06-13 07:19:44 +0800
Processing by SessionsController#new as */*
  Rendering layout layouts/application.html.erb
  Rendering sessions/new.html.erb within layouts/application
  [1m[36mUser Load (50.1ms)[0m  [1m[34mSELECT "users".* FROM "users" /*action='new',application='Q224',controller='sessions'*/[0m
  ↳ app/views/sessions/new.html.erb:24
  Rendered sessions/new.html.erb within layouts/application (Duration: 84.5ms | GC: 0.0ms)
  Rendered layout layouts/application.html.erb (Duration: 104.8ms | GC: 0.0ms)
Completed 200 OK in 200ms (Views: 31.7ms | ActiveRecord: 80.5ms (1 query, 0 cached) | GC: 0.2ms)


Started POST "/login" for 127.0.0.1 at 2026-06-13 07:19:55 +0800
Processing by SessionsController#create as */*
  Parameters: {"name" => "张老师", "password" => "[FILTERED]"}
Can't verify CSRF token authenticity.
Completed 422 Unprocessable Content in 1ms (ActiveRecord: 0.0ms (0 queries, 0 cached) | GC: 0.0ms)


  
ActionController::InvalidAuthenticityToken (Can't verify CSRF token authenticity.):
  
actionpack (8.1.3) lib/action_controller/metal/request_forgery_protection.rb:321:in 'ActionController::RequestForgeryProtection::ProtectionMethods::Exception#handle_unverified_request'
actionpack (8.1.3) lib/action_controller/metal/request_forgery_protection.rb:415:in 'ActionController::RequestForgeryProtection#handle_unverified_request'
actionpack (8.1.3) lib/action_controller/metal/request_forgery_protection.rb:404:in 'ActionController::RequestForgeryProtection#verify_authenticity_token'
activesupport (8.1.3) lib/active_support/callbacks.rb:362:in 'block in ActiveSupport::Callbacks::CallTemplate::MethodCall#make_lambda'
activesupport (8.1.3) lib/active_support/callbacks.rb:179:in 'block in ActiveSupport::Callbacks::Filters::Before#call'
actionpack (8.1.3) lib/abstract_controller/callbacks.rb:36:in 'block (2 levels) in <module:Callbacks>'
activesupport (8.1.3) lib/active_support/callbacks.rb:180:in 'ActiveSupport::Callbacks::Filters::Before#call'
activesupport (8.1.3) lib/active_support/callbacks.rb:560:in 'block in ActiveSupport::Callbacks::CallbackSequence#invoke_before'
activesupport (8.1.3) lib/active_support/callbacks.rb:560:in 'Array#each'
activesupport (8.1.3) lib/active_support/callbacks.rb:560:in 'ActiveSupport::Callbacks::CallbackSequence#invoke_before'
activesupport (8.1.3) lib/active_support/callbacks.rb:119:in 'block in ActiveSupport::Callbacks#run_callbacks'
activesupport (8.1.3) lib/active_support/callbacks.rb:141:in 'ActiveSupport::Callbacks#run_callbacks'
actionpack (8.1.3) lib/abstract_controller/callbacks.rb:266:in 'AbstractController::Callbacks#process_action'
actionpack (8.1.3) lib/action_controller/metal/rescue.rb:36:in 'ActionController::Rescue#process_action'
actionpack (8.1.3) lib/action_controller/metal/instrumentation.rb:76:in 'block in ActionController::Instrumentation#process_action'
activesupport (8.1.3) lib/active_support/notifications.rb:210:in 'block in ActiveSupport::Notifications.instrument'
activesupport (8.1.3) lib/active_support/notifications/instrumenter.rb:58:in 'ActiveSupport::Notifications::Instrumenter#instrument'
activesupport (8.1.3) lib/active_support/notifications.rb:210:in 'ActiveSupport::Notifications.instrument'
actionpack (8.1.3) lib/action_controller/metal/instrumentation.rb:75:in 'ActionController::Instrumentation#process_action'
actionpack (8.1.3) lib/action_controller/metal/params_wrapper.rb:259:in 'ActionController::ParamsWrapper#process_action'
activerecord (8.1.3) lib/active_record/railties/controller_runtime.rb:39:in 'ActiveRecord::Railties::ControllerRuntime#process_action'
actionpack (8.1.3) lib/abstract_controller/base.rb:154:in 'AbstractController::Base#process'
actionview (8.1.3) lib/action_view/rendering.rb:40:in 'ActionView::Rendering#process'
actionpack (8.1.3) lib/action_controller/metal.rb:252:in 'ActionController::Metal#dispatch'
actionpack (8.1.3) lib/action_controller/metal.rb:335:in 'ActionController::Metal.dispatch'
actionpack (8.1.3) lib/action_dispatch/routing/route_set.rb:65:in 'ActionDispatch::Routing::RouteSet::Dispatcher#dispatch'
actionpack (8.1.3) lib/action_dispatch/routing/route_set.rb:50:in 'ActionDispatch::Routing::RouteSet::Dispatcher#serve'
actionpack (8.1.3) lib/action_dispatch/journey/router.rb:35:in 'block in ActionDispatch::Journey::Router#serve'
actionpack (8.1.3) lib/action_dispatch/journey/router.rb:86:in 'block in ActionDispatch::Journey::Router#recognize'
actionpack (8.1.3) lib/action_dispatch/journey/router.rb:66:in 'Array#each'
actionpack (8.1.3) lib/action_dispatch/journey/router.rb:66:in 'ActionDispatch::Journey::Router#recognize'
actionpack (8.1.3) lib/action_dispatch/journey/router.rb:31:in 'ActionDispatch::Journey::Router#serve'
actionpack (8.1.3) lib/action_dispatch/routing/route_set.rb:906:in 'ActionDispatch::Routing::RouteSet#call'
railties (8.1.3) lib/rails/engine/lazy_route_set.rb:60:in 'Rails::Engine::LazyRouteSet#call'
rack (3.2.6) lib/rack/tempfile_reaper.rb:20:in 'Rack::TempfileReaper#call'
rack (3.2.6) lib/rack/etag.rb:29:in 'Rack::ETag#call'
rack (3.2.6) lib/rack/conditional_get.rb:44:in 'Rack::ConditionalGet#call'
rack (3.2.6) lib/rack/head.rb:15:in 'Rack::Head#call'
actionpack (8.1.3) lib/action_dispatch/http/content_security_policy.rb:38:in 'ActionDispatch::ContentSecurityPolicy::Middleware#call'
rack-session (2.1.2) lib/rack/session/abstract/id.rb:274:in 'Rack::Session::Abstract::Persisted#context'
rack-session (2.1.2) lib/rack/session/abstract/id.rb:268:in 'Rack::Session::Abstract::Persisted#call'
actionpack (8.1.3) lib/action_dispatch/middleware/cookies.rb:708:in 'ActionDispatch::Cookies#call'
activerecord (8.1.3) lib/active_record/migration.rb:671:in 'ActiveRecord::Migration::CheckPending#call'
actionpack (8.1.3) lib/action_dispatch/middleware/callbacks.rb:31:in 'block in ActionDispatch::Callbacks#call'
activesupport (8.1.3) lib/active_support/callbacks.rb:101:in 'ActiveSupport::Callbacks#run_callbacks'
actionpack (8.1.3) lib/action_dispatch/middleware/callbacks.rb:30:in 'ActionDispatch::Callbacks#call'
actionpack (8.1.3) lib/action_dispatch/middleware/executor.rb:20:in 'ActionDispatch::Executor#call'
actionpack (8.1.3) lib/action_dispatch/middleware/actionable_exceptions.rb:18:in 'ActionDispatch::ActionableExceptions#call'
actionpack (8.1.3) lib/action_dispatch/middleware/debug_exceptions.rb:31:in 'ActionDispatch::DebugExceptions#call'
web-console (4.3.0) lib/web_console/middleware.rb:132:in 'WebConsole::Middleware#call_app'
web-console (4.3.0) lib/web_console/middleware.rb:28:in 'block in WebConsole::Middleware#call'
web-console (4.3.0) lib/web_console/middleware.rb:17:in 'Kernel#catch'
web-console (4.3.0) lib/web_console/middleware.rb:17:in 'WebConsole::Middleware#call'
actionpack (8.1.3) lib/action_dispatch/middleware/show_exceptions.rb:32:in 'ActionDispatch::ShowExceptions#call'
railties (8.1.3) lib/rails/rack/logger.rb:41:in 'Rails::Rack::Logger#call_app'
railties (8.1.3) lib/rails/rack/logger.rb:29:in 'Rails::Rack::Logger#call'
propshaft (1.3.2) lib/propshaft/quiet_assets.rb:11:in 'Propshaft::QuietAssets#call'
actionpack (8.1.3) lib/action_dispatch/middleware/remote_ip.rb:98:in 'ActionDispatch::RemoteIp#call'
actionpack (8.1.3) lib/action_dispatch/middleware/request_id.rb:34:in 'ActionDispatch::RequestId#call'
rack (3.2.6) lib/rack/method_override.rb:28:in 'Rack::MethodOverride#call'
rack (3.2.6) lib/rack/runtime.rb:24:in 'Rack::Runtime#call'
activesupport (8.1.3) lib/active_support/cache/strategy/local_cache_middleware.rb:30:in 'ActiveSupport::Cache::Strategy::LocalCache::Middleware#call'
actionpack (8.1.3) lib/action_dispatch/middleware/server_timing.rb:61:in 'block in ActionDispatch::ServerTiming#call'
actionpack (8.1.3) lib/action_dispatch/middleware/server_timing.rb:26:in 'ActionDispatch::ServerTiming::Subscriber#collect_events'
actionpack (8.1.3) lib/action_dispatch/middleware/server_timing.rb:60:in 'ActionDispatch::ServerTiming#call'
actionpack (8.1.3) lib/action_dispatch/middleware/executor.rb:20:in 'ActionDispatch::Executor#call'
propshaft (1.3.2) lib/propshaft/server.rb:37:in 'Propshaft::Server#call'
actionpack (8.1.3) lib/action_dispatch/middleware/static.rb:27:in 'ActionDispatch::Static#call'
rack (3.2.6) lib/rack/sendfile.rb:131:in 'Rack::Sendfile#call'
actionpack (8.1.3) lib/action_dispatch/middleware/host_authorization.rb:143:in 'ActionDispatch::HostAuthorization#call'
railties (8.1.3) lib/rails/engine.rb:534:in 'Rails::Engine#call'
puma (8.0.2) lib/puma/configuration.rb:305:in 'Puma::Configuration::ConfigMiddleware#call'
puma (8.0.2) lib/puma/response.rb:79:in 'block in Puma::Response#handle_request'
puma (8.0.2) lib/puma/thread_pool.rb:434:in 'Puma::ThreadPool#with_force_shutdown'
puma (8.0.2) lib/puma/response.rb:78:in 'Puma::Response#handle_request'
puma (8.0.2) lib/puma/server.rb:508:in 'Puma::Server#process_client'
puma (8.0.2) lib/puma/server.rb:263:in 'block in Puma::Server#run'
puma (8.0.2) lib/puma/thread_pool.rb:246:in 'block in Puma::ThreadPool#spawn_thread'
Started GET "/login" for 127.0.0.1 at 2026-06-13 07:20:06 +0800
Processing by SessionsController#new as HTML
  Rendering layout layouts/application.html.erb
  Rendering sessions/new.html.erb within layouts/application
  [1m[36mUser Load (1.0ms)[0m  [1m[34mSELECT "users".* FROM "users" /*action='new',application='Q224',controller='sessions'*/[0m
  ↳ app/views/sessions/new.html.erb:24
  Rendered sessions/new.html.erb within layouts/application (Duration: 2.5ms | GC: 0.0ms)
  Rendered layout layouts/application.html.erb (Duration: 2.9ms | GC: 0.0ms)
Completed 200 OK in 4ms (Views: 2.1ms | ActiveRecord: 1.0ms (1 query, 0 cached) | GC: 0.0ms)


Started GET "/" for 127.0.0.1 at 2026-06-13 07:20:06 +0800
Processing by DashboardController#index as HTML
Redirected to http://localhost:3001/login
↳ app/controllers/application_controller.rb:19:in 'ApplicationController#require_login'
Filter chain halted as :require_login rendered or redirected
Completed 302 Found in 9ms (ActiveRecord: 0.0ms (0 queries, 0 cached) | GC: 0.0ms)


Started GET "/dashboard" for 127.0.0.1 at 2026-06-13 07:20:06 +0800
Processing by DashboardController#index as HTML
Redirected to http://localhost:3001/login
↳ app/controllers/application_controller.rb:19:in 'ApplicationController#require_login'
Filter chain halted as :require_login rendered or redirected
Completed 302 Found in 2ms (ActiveRecord: 0.0ms (0 queries, 0 cached) | GC: 0.0ms)


Started GET "/grade_corrections" for 127.0.0.1 at 2026-06-13 07:20:06 +0800
Processing by GradeCorrectionsController#index as HTML
Redirected to http://localhost:3001/login
↳ app/controllers/application_controller.rb:19:in 'ApplicationController#require_login'
Filter chain halted as :require_login rendered or redirected
Completed 302 Found in 1ms (ActiveRecord: 0.0ms (0 queries, 0 cached) | GC: 0.0ms)


Started GET "/dashboard/review" for 127.0.0.1 at 2026-06-13 07:20:06 +0800
Processing by DashboardController#review as HTML
Redirected to http://localhost:3001/login
↳ app/controllers/application_controller.rb:19:in 'ApplicationController#require_login'
Filter chain halted as :require_login rendered or redirected
Completed 302 Found in 1ms (ActiveRecord: 0.0ms (0 queries, 0 cached) | GC: 0.0ms)


Started GET "/dashboard/statistics" for 127.0.0.1 at 2026-06-13 07:20:06 +0800
Processing by DashboardController#statistics as HTML
Redirected to http://localhost:3001/login
↳ app/controllers/application_controller.rb:19:in 'ApplicationController#require_login'
Filter chain halted as :require_login rendered or redirected
Completed 302 Found in 1ms (ActiveRecord: 0.0ms (0 queries, 0 cached) | GC: 0.0ms)


Started GET "/login" for 127.0.0.1 at 2026-06-13 07:20:14 +0800
Processing by SessionsController#new as */*
  Rendering layout layouts/application.html.erb
  Rendering sessions/new.html.erb within layouts/application
  [1m[36mUser Load (0.4ms)[0m  [1m[34mSELECT "users".* FROM "users" /*action='new',application='Q224',controller='sessions'*/[0m
  ↳ app/views/sessions/new.html.erb:24
  Rendered sessions/new.html.erb within layouts/application (Duration: 1.7ms | GC: 0.0ms)
  Rendered layout layouts/application.html.erb (Duration: 7.1ms | GC: 4.8ms)
Completed 200 OK in 8ms (Views: 7.0ms | ActiveRecord: 0.4ms (1 query, 0 cached) | GC: 4.8ms)


Started POST "/login" for 127.0.0.1 at 2026-06-13 07:20:23 +0800
Processing by SessionsController#create as */*
  Parameters: {"name" => "张老师", "password" => "[FILTERED]", "authenticity_token" => "[FILTERED]"}
  [1m[36mUser Load (1.4ms)[0m  [1m[34mSELECT "users".* FROM "users" WHERE "users"."name" = '张老师' LIMIT 1 /*action='create',application='Q224',controller='sessions'*/[0m
  ↳ app/controllers/sessions_controller.rb:9:in 'SessionsController#create'
Redirected to http://localhost:3001/
↳ app/controllers/sessions_controller.rb:12:in 'SessionsController#create'
Completed 302 Found in 263ms (ActiveRecord: 1.4ms (1 query, 0 cached) | GC: 1.9ms)


Started GET "/" for 127.0.0.1 at 2026-06-13 07:20:47 +0800
Processing by DashboardController#index as */*
  [1m[36mUser Load (7.5ms)[0m  [1m[34mSELECT "users".* FROM "users" WHERE "users"."id" = 5 LIMIT 1 /*action='index',application='Q224',controller='dashboard'*/[0m
  ↳ app/controllers/application_controller.rb:13:in 'ApplicationController#current_user'
  [1m[36mGradeCorrection Count (24.1ms)[0m  [1m[34mSELECT COUNT(*) FROM "grade_corrections" /*action='index',application='Q224',controller='dashboard'*/[0m
  ↳ app/models/grade_correction.rb:126:in 'GradeCorrection.statistics'
  [1m[36mGradeCorrection Count (1.1ms)[0m  [1m[34mSELECT COUNT(*) FROM "grade_corrections" WHERE "grade_corrections"."status" = 'pending' /*action='index',application='Q224',controller='dashboard'*/[0m
  ↳ app/models/grade_correction.rb:127:in 'GradeCorrection.statistics'
  [1m[36mGradeCorrection Count (0.4ms)[0m  [1m[34mSELECT COUNT(*) FROM "grade_corrections" WHERE "grade_corrections"."status" = 'processing' /*action='index',application='Q224',controller='dashboard'*/[0m
  ↳ app/models/grade_correction.rb:128:in 'GradeCorrection.statistics'
  [1m[36mGradeCorrection Count (1.2ms)[0m  [1m[34mSELECT COUNT(*) FROM "grade_corrections" WHERE "grade_corrections"."status" = 'reviewing' /*action='index',application='Q224',controller='dashboard'*/[0m
  ↳ app/models/grade_correction.rb:129:in 'GradeCorrection.statistics'
  [1m[36mGradeCorrection Count (0.5ms)[0m  [1m[34mSELECT COUNT(*) FROM "grade_corrections" WHERE "grade_corrections"."status" = 'archived' /*action='index',application='Q224',controller='dashboard'*/[0m
  ↳ app/models/grade_correction.rb:130:in 'GradeCorrection.statistics'
  [1m[36mGradeCorrection Count (0.6ms)[0m  [1m[34mSELECT COUNT(*) FROM "grade_corrections" WHERE "grade_corrections"."status" = 'rejected' /*action='index',application='Q224',controller='dashboard'*/[0m
  ↳ app/models/grade_correction.rb:131:in 'GradeCorrection.statistics'
  [1m[36mGradeCorrection Count (0.7ms)[0m  [1m[34mSELECT COUNT(*) FROM "grade_corrections" WHERE "grade_corrections"."status" = 'returned' /*action='index',application='Q224',controller='dashboard'*/[0m
  ↳ app/models/grade_correction.rb:132:in 'GradeCorrection.statistics'
  [1m[36mGradeCorrection Count (1.7ms)[0m  [1m[34mSELECT COUNT(*) FROM "grade_corrections" WHERE "grade_corrections"."block_reason" IS NOT NULL /*action='index',application='Q224',controller='dashboard'*/[0m
  ↳ app/models/grade_correction.rb:133:in 'GradeCorrection.statistics'
  [1m[36mGradeCorrection Count (1.9ms)[0m  [1m[34mSELECT COUNT(*) FROM "grade_corrections" WHERE "grade_corrections"."notification_confirmed" = FALSE /*action='index',application='Q224',controller='dashboard'*/[0m
  ↳ app/models/grade_correction.rb:134:in 'GradeCorrection.statistics'
  [1m[36mGradeCorrection Load (108.9ms)[0m  [1m[34mSELECT AVG(EXTRACT(DAY FROM processing_nodes.created_at - grade_corrections.created_at)) as avg_days FROM "grade_corrections" INNER JOIN "processing_nodes" ON "processing_nodes"."grade_correction_id" = "grade_corrections"."id" WHERE "grade_corrections"."status" = 'archived' ORDER BY "grade_corrections"."id" ASC LIMIT 1 /*action='index',application='Q224',controller='dashboard'*/[0m
  ↳ app/models/grade_correction.rb:148:in 'GradeCorrection.calculate_average_processing_days'
Completed 500 Internal Server Error in 236ms (ActiveRecord: 164.7ms (11 queries, 0 cached) | GC: 2.6ms)


  
ActiveRecord::StatementInvalid (PG::GroupingError: ERROR:  column "grade_corrections.id" must appear in the GROUP BY clause or be used in an aggregate function
LINE 1: ...grade_corrections"."status" = 'archived' ORDER BY "grade_cor...
                                                             ^
)
Caused by: PG::GroupingError (ERROR:  column "grade_corrections.id" must appear in the GROUP BY clause or be used in an aggregate function
LINE 1: ...grade_corrections"."status" = 'archived' ORDER BY "grade_cor...
                                                             ^
)

Information for: ActiveRecord::StatementInvalid (PG::GroupingError: ERROR:  column "grade_corrections.id" must appear in the GROUP BY clause or be used in an aggregate function
LINE 1: ...grade_corrections"."status" = 'archived' ORDER BY "grade_cor...
                                                             ^
):
  

Information for cause: PG::GroupingError (ERROR:  column "grade_corrections.id" must appear in the GROUP BY clause or be used in an aggregate function
LINE 1: ...grade_corrections"."status" = 'archived' ORDER BY "grade_cor...
                                                             ^
):
  
app/models/grade_correction.rb:148:in 'GradeCorrection.calculate_average_processing_days'
app/models/grade_correction.rb:135:in 'GradeCorrection.statistics'
app/controllers/dashboard_controller.rb:5:in 'DashboardController#index'
Started GET "/dashboard" for 127.0.0.1 at 2026-06-13 07:20:48 +0800
Processing by DashboardController#index as */*
  [1m[36mUser Load (0.8ms)[0m  [1m[34mSELECT "users".* FROM "users" WHERE "users"."id" = 5 LIMIT 1 /*action='index',application='Q224',controller='dashboard'*/[0m
  ↳ app/controllers/application_controller.rb:13:in 'ApplicationController#current_user'
  [1m[36mGradeCorrection Count (0.3ms)[0m  [1m[34mSELECT COUNT(*) FROM "grade_corrections" /*action='index',application='Q224',controller='dashboard'*/[0m
  ↳ app/models/grade_correction.rb:126:in 'GradeCorrection.statistics'
  [1m[36mGradeCorrection Count (0.8ms)[0m  [1m[34mSELECT COUNT(*) FROM "grade_corrections" WHERE "grade_corrections"."status" = 'pending' /*action='index',application='Q224',controller='dashboard'*/[0m
  ↳ app/models/grade_correction.rb:127:in 'GradeCorrection.statistics'
  [1m[36mGradeCorrection Count (0.4ms)[0m  [1m[34mSELECT COUNT(*) FROM "grade_corrections" WHERE "grade_corrections"."status" = 'processing' /*action='index',application='Q224',controller='dashboard'*/[0m
  ↳ app/models/grade_correction.rb:128:in 'GradeCorrection.statistics'
  [1m[36mGradeCorrection Count (0.2ms)[0m  [1m[34mSELECT COUNT(*) FROM "grade_corrections" WHERE "grade_corrections"."status" = 'reviewing' /*action='index',application='Q224',controller='dashboard'*/[0m
  ↳ app/models/grade_correction.rb:129:in 'GradeCorrection.statistics'
  [1m[36mGradeCorrection Count (0.2ms)[0m  [1m[34mSELECT COUNT(*) FROM "grade_corrections" WHERE "grade_corrections"."status" = 'archived' /*action='index',application='Q224',controller='dashboard'*/[0m
  ↳ app/models/grade_correction.rb:130:in 'GradeCorrection.statistics'
  [1m[36mGradeCorrection Count (0.8ms)[0m  [1m[34mSELECT COUNT(*) FROM "grade_corrections" WHERE "grade_corrections"."status" = 'rejected' /*action='index',application='Q224',controller='dashboard'*/[0m
  ↳ app/models/grade_correction.rb:131:in 'GradeCorrection.statistics'
  [1m[36mGradeCorrection Count (2.2ms)[0m  [1m[34mSELECT COUNT(*) FROM "grade_corrections" WHERE "grade_corrections"."status" = 'returned' /*action='index',application='Q224',controller='dashboard'*/[0m
  ↳ app/models/grade_correction.rb:132:in 'GradeCorrection.statistics'
  [1m[36mGradeCorrection Count (0.5ms)[0m  [1m[34mSELECT COUNT(*) FROM "grade_corrections" WHERE "grade_corrections"."block_reason" IS NOT NULL /*action='index',application='Q224',controller='dashboard'*/[0m
  ↳ app/models/grade_correction.rb:133:in 'GradeCorrection.statistics'
  [1m[36mGradeCorrection Count (0.4ms)[0m  [1m[34mSELECT COUNT(*) FROM "grade_corrections" WHERE "grade_corrections"."notification_confirmed" = FALSE /*action='index',application='Q224',controller='dashboard'*/[0m
  ↳ app/models/grade_correction.rb:134:in 'GradeCorrection.statistics'
  [1m[36mGradeCorrection Load (1.8ms)[0m  [1m[34mSELECT AVG(EXTRACT(DAY FROM processing_nodes.created_at - grade_corrections.created_at)) as avg_days FROM "grade_corrections" INNER JOIN "processing_nodes" ON "processing_nodes"."grade_correction_id" = "grade_corrections"."id" WHERE "grade_corrections"."status" = 'archived' ORDER BY "grade_corrections"."id" ASC LIMIT 1 /*action='index',application='Q224',controller='dashboard'*/[0m
  ↳ app/models/grade_correction.rb:148:in 'GradeCorrection.calculate_average_processing_days'
Completed 500 Internal Server Error in 32ms (ActiveRecord: 8.3ms (11 queries, 0 cached) | GC: 0.4ms)


  
ActiveRecord::StatementInvalid (PG::GroupingError: ERROR:  column "grade_corrections.id" must appear in the GROUP BY clause or be used in an aggregate function
LINE 1: ...grade_corrections"."status" = 'archived' ORDER BY "grade_cor...
                                                             ^
)
Caused by: PG::GroupingError (ERROR:  column "grade_corrections.id" must appear in the GROUP BY clause or be used in an aggregate function
LINE 1: ...grade_corrections"."status" = 'archived' ORDER BY "grade_cor...
                                                             ^
)

Information for: ActiveRecord::StatementInvalid (PG::GroupingError: ERROR:  column "grade_corrections.id" must appear in the GROUP BY clause or be used in an aggregate function
LINE 1: ...grade_corrections"."status" = 'archived' ORDER BY "grade_cor...
                                                             ^
):
  

Information for cause: PG::GroupingError (ERROR:  column "grade_corrections.id" must appear in the GROUP BY clause or be used in an aggregate function
LINE 1: ...grade_corrections"."status" = 'archived' ORDER BY "grade_cor...
                                                             ^
):
  
app/models/grade_correction.rb:148:in 'GradeCorrection.calculate_average_processing_days'
app/models/grade_correction.rb:135:in 'GradeCorrection.statistics'
app/controllers/dashboard_controller.rb:5:in 'DashboardController#index'
Started GET "/grade_corrections" for 127.0.0.1 at 2026-06-13 07:20:48 +0800
Processing by GradeCorrectionsController#index as */*
  [1m[36mUser Load (0.5ms)[0m  [1m[34mSELECT "users".* FROM "users" WHERE "users"."id" = 5 LIMIT 1 /*action='index',application='Q224',controller='grade_corrections'*/[0m
  ↳ app/controllers/application_controller.rb:13:in 'ApplicationController#current_user'
  [1m[36mGradeCorrection Count (0.4ms)[0m  [1m[34mSELECT COUNT(*) FROM "grade_corrections" /*action='index',application='Q224',controller='grade_corrections'*/[0m
  ↳ app/models/simple_paginator.rb:8:in 'SimplePaginator#initialize'
  Rendering layout layouts/application.html.erb
  Rendering grade_corrections/index.html.erb within layouts/application
  [1m[36mCACHE GradeCorrection Count (0.0ms)[0m  [1m[34mSELECT COUNT(*) FROM "grade_corrections"[0m
  ↳ app/models/grade_correction.rb:126:in 'GradeCorrection.statistics'
  [1m[36mGradeCorrection Count (0.4ms)[0m  [1m[34mSELECT COUNT(*) FROM "grade_corrections" WHERE "grade_corrections"."status" = 'pending' /*action='index',application='Q224',controller='grade_corrections'*/[0m
  ↳ app/models/grade_correction.rb:127:in 'GradeCorrection.statistics'
  [1m[36mGradeCorrection Count (0.3ms)[0m  [1m[34mSELECT COUNT(*) FROM "grade_corrections" WHERE "grade_corrections"."status" = 'processing' /*action='index',application='Q224',controller='grade_corrections'*/[0m
  ↳ app/models/grade_correction.rb:128:in 'GradeCorrection.statistics'
  [1m[36mGradeCorrection Count (5.3ms)[0m  [1m[34mSELECT COUNT(*) FROM "grade_corrections" WHERE "grade_corrections"."status" = 'reviewing' /*action='index',application='Q224',controller='grade_corrections'*/[0m
  ↳ app/models/grade_correction.rb:129:in 'GradeCorrection.statistics'
  [1m[36mGradeCorrection Count (18.3ms)[0m  [1m[34mSELECT COUNT(*) FROM "grade_corrections" WHERE "grade_corrections"."status" = 'archived' /*action='index',application='Q224',controller='grade_corrections'*/[0m
  ↳ app/models/grade_correction.rb:130:in 'GradeCorrection.statistics'
  [1m[36mGradeCorrection Count (1.4ms)[0m  [1m[34mSELECT COUNT(*) FROM "grade_corrections" WHERE "grade_corrections"."status" = 'rejected' /*action='index',application='Q224',controller='grade_corrections'*/[0m
  ↳ app/models/grade_correction.rb:131:in 'GradeCorrection.statistics'
  [1m[36mGradeCorrection Count (1.2ms)[0m  [1m[34mSELECT COUNT(*) FROM "grade_corrections" WHERE "grade_corrections"."status" = 'returned' /*action='index',application='Q224',controller='grade_corrections'*/[0m
  ↳ app/models/grade_correction.rb:132:in 'GradeCorrection.statistics'
  [1m[36mGradeCorrection Count (0.4ms)[0m  [1m[34mSELECT COUNT(*) FROM "grade_corrections" WHERE "grade_corrections"."block_reason" IS NOT NULL /*action='index',application='Q224',controller='grade_corrections'*/[0m
  ↳ app/models/grade_correction.rb:133:in 'GradeCorrection.statistics'
  [1m[36mGradeCorrection Count (1.2ms)[0m  [1m[34mSELECT COUNT(*) FROM "grade_corrections" WHERE "grade_corrections"."notification_confirmed" = FALSE /*action='index',application='Q224',controller='grade_corrections'*/[0m
  ↳ app/models/grade_correction.rb:134:in 'GradeCorrection.statistics'
  [1m[36mGradeCorrection Load (3.1ms)[0m  [1m[34mSELECT AVG(EXTRACT(DAY FROM processing_nodes.created_at - grade_corrections.created_at)) as avg_days FROM "grade_corrections" INNER JOIN "processing_nodes" ON "processing_nodes"."grade_correction_id" = "grade_corrections"."id" WHERE "grade_corrections"."status" = 'archived' ORDER BY "grade_corrections"."id" ASC LIMIT 1 /*action='index',application='Q224',controller='grade_corrections'*/[0m
  ↳ app/models/grade_correction.rb:148:in 'GradeCorrection.calculate_average_processing_days'
  Rendered grade_corrections/index.html.erb within layouts/application (Duration: 153.1ms | GC: 0.0ms)
  Rendered layout layouts/application.html.erb (Duration: 153.3ms | GC: 0.0ms)
Completed 500 Internal Server Error in 172ms (ActiveRecord: 37.2ms (12 queries, 1 cached) | GC: 0.0ms)


  
ActionView::Template::Error (PG::GroupingError: ERROR:  column "grade_corrections.id" must appear in the GROUP BY clause or be used in an aggregate function
LINE 1: ...grade_corrections"."status" = 'archived' ORDER BY "grade_cor...
                                                             ^
)
Caused by: ActiveRecord::StatementInvalid (PG::GroupingError: ERROR:  column "grade_corrections.id" must appear in the GROUP BY clause or be used in an aggregate function
LINE 1: ...grade_corrections"."status" = 'archived' ORDER BY "grade_cor...
                                                             ^
)
Caused by: PG::GroupingError (ERROR:  column "grade_corrections.id" must appear in the GROUP BY clause or be used in an aggregate function
LINE 1: ...grade_corrections"."status" = 'archived' ORDER BY "grade_cor...
                                                             ^
)

Information for: ActionView::Template::Error (PG::GroupingError: ERROR:  column "grade_corrections.id" must appear in the GROUP BY clause or be used in an aggregate function
LINE 1: ...grade_corrections"."status" = 'archived' ORDER BY "grade_cor...
                                                             ^
):
    16:   </div>
    17: 
    18:   <%= render 'dashboard/statistics', statistics: GradeCorrection.statistics %>
    19: 
    20:   <div class="bg-white rounded-lg shadow-sm border border-gray-200">
    21:     <div class="px-6 py-4 border-b border-gray-200">
    22:       <%= search_form_for @q, url: filter_grade_corrections_path, method: :get, class: 'space-y-4' do |f| %>
  

Information for cause: ActiveRecord::StatementInvalid (PG::GroupingError: ERROR:  column "grade_corrections.id" must appear in the GROUP BY clause or be used in an aggregate function
LINE 1: ...grade_corrections"."status" = 'archived' ORDER BY "grade_cor...
                                                             ^
):
  

Information for cause: PG::GroupingError (ERROR:  column "grade_corrections.id" must appear in the GROUP BY clause or be used in an aggregate function
LINE 1: ...grade_corrections"."status" = 'archived' ORDER BY "grade_cor...
                                                             ^
):
  
app/models/grade_correction.rb:148:in 'GradeCorrection.calculate_average_processing_days'
app/models/grade_correction.rb:135:in 'GradeCorrection.statistics'
app/views/grade_corrections/index.html.erb:19
Started GET "/dashboard/review" for 127.0.0.1 at 2026-06-13 07:20:48 +0800
Processing by DashboardController#review as */*
  [1m[36mUser Load (0.6ms)[0m  [1m[34mSELECT "users".* FROM "users" WHERE "users"."id" = 5 LIMIT 1 /*action='review',application='Q224',controller='dashboard'*/[0m
  ↳ app/controllers/application_controller.rb:13:in 'ApplicationController#current_user'
  [1m[36mGradeCorrection Count (0.8ms)[0m  [1m[34mSELECT COUNT(*) FROM "grade_corrections" /*action='review',application='Q224',controller='dashboard'*/[0m
  ↳ app/models/grade_correction.rb:126:in 'GradeCorrection.statistics'
  [1m[36mGradeCorrection Count (0.3ms)[0m  [1m[34mSELECT COUNT(*) FROM "grade_corrections" WHERE "grade_corrections"."status" = 'pending' /*action='review',application='Q224',controller='dashboard'*/[0m
  ↳ app/models/grade_correction.rb:127:in 'GradeCorrection.statistics'
  [1m[36mGradeCorrection Count (0.4ms)[0m  [1m[34mSELECT COUNT(*) FROM "grade_corrections" WHERE "grade_corrections"."status" = 'processing' /*action='review',application='Q224',controller='dashboard'*/[0m
  ↳ app/models/grade_correction.rb:128:in 'GradeCorrection.statistics'
  [1m[36mGradeCorrection Count (0.3ms)[0m  [1m[34mSELECT COUNT(*) FROM "grade_corrections" WHERE "grade_corrections"."status" = 'reviewing' /*action='review',application='Q224',controller='dashboard'*/[0m
  ↳ app/models/grade_correction.rb:129:in 'GradeCorrection.statistics'
  [1m[36mGradeCorrection Count (0.6ms)[0m  [1m[34mSELECT COUNT(*) FROM "grade_corrections" WHERE "grade_corrections"."status" = 'archived' /*action='review',application='Q224',controller='dashboard'*/[0m
  ↳ app/models/grade_correction.rb:130:in 'GradeCorrection.statistics'
  [1m[36mGradeCorrection Count (1.1ms)[0m  [1m[34mSELECT COUNT(*) FROM "grade_corrections" WHERE "grade_corrections"."status" = 'rejected' /*action='review',application='Q224',controller='dashboard'*/[0m
  ↳ app/models/grade_correction.rb:131:in 'GradeCorrection.statistics'
  [1m[36mGradeCorrection Count (1.1ms)[0m  [1m[34mSELECT COUNT(*) FROM "grade_corrections" WHERE "grade_corrections"."status" = 'returned' /*action='review',application='Q224',controller='dashboard'*/[0m
  ↳ app/models/grade_correction.rb:132:in 'GradeCorrection.statistics'
  [1m[36mGradeCorrection Count (0.5ms)[0m  [1m[34mSELECT COUNT(*) FROM "grade_corrections" WHERE "grade_corrections"."block_reason" IS NOT NULL /*action='review',application='Q224',controller='dashboard'*/[0m
  ↳ app/models/grade_correction.rb:133:in 'GradeCorrection.statistics'
  [1m[36mGradeCorrection Count (8.5ms)[0m  [1m[34mSELECT COUNT(*) FROM "grade_corrections" WHERE "grade_corrections"."notification_confirmed" = FALSE /*action='review',application='Q224',controller='dashboard'*/[0m
  ↳ app/models/grade_correction.rb:134:in 'GradeCorrection.statistics'
  [1m[36mGradeCorrection Load (1.3ms)[0m  [1m[34mSELECT AVG(EXTRACT(DAY FROM processing_nodes.created_at - grade_corrections.created_at)) as avg_days FROM "grade_corrections" INNER JOIN "processing_nodes" ON "processing_nodes"."grade_correction_id" = "grade_corrections"."id" WHERE "grade_corrections"."status" = 'archived' ORDER BY "grade_corrections"."id" ASC LIMIT 1 /*action='review',application='Q224',controller='dashboard'*/[0m
  ↳ app/models/grade_correction.rb:148:in 'GradeCorrection.calculate_average_processing_days'
Completed 500 Internal Server Error in 35ms (ActiveRecord: 15.4ms (11 queries, 0 cached) | GC: 0.0ms)


  
ActiveRecord::StatementInvalid (PG::GroupingError: ERROR:  column "grade_corrections.id" must appear in the GROUP BY clause or be used in an aggregate function
LINE 1: ...grade_corrections"."status" = 'archived' ORDER BY "grade_cor...
                                                             ^
)
Caused by: PG::GroupingError (ERROR:  column "grade_corrections.id" must appear in the GROUP BY clause or be used in an aggregate function
LINE 1: ...grade_corrections"."status" = 'archived' ORDER BY "grade_cor...
                                                             ^
)

Information for: ActiveRecord::StatementInvalid (PG::GroupingError: ERROR:  column "grade_corrections.id" must appear in the GROUP BY clause or be used in an aggregate function
LINE 1: ...grade_corrections"."status" = 'archived' ORDER BY "grade_cor...
                                                             ^
):
  

Information for cause: PG::GroupingError (ERROR:  column "grade_corrections.id" must appear in the GROUP BY clause or be used in an aggregate function
LINE 1: ...grade_corrections"."status" = 'archived' ORDER BY "grade_cor...
                                                             ^
):
  
app/models/grade_correction.rb:148:in 'GradeCorrection.calculate_average_processing_days'
app/models/grade_correction.rb:135:in 'GradeCorrection.statistics'
app/controllers/dashboard_controller.rb:14:in 'DashboardController#review'
Started GET "/dashboard/statistics" for 127.0.0.1 at 2026-06-13 07:20:48 +0800
Processing by DashboardController#statistics as */*
  [1m[36mUser Load (0.7ms)[0m  [1m[34mSELECT "users".* FROM "users" WHERE "users"."id" = 5 LIMIT 1 /*action='statistics',application='Q224',controller='dashboard'*/[0m
  ↳ app/controllers/application_controller.rb:13:in 'ApplicationController#current_user'
  [1m[36mGradeCorrection Count (1.4ms)[0m  [1m[34mSELECT COUNT(*) FROM "grade_corrections" WHERE "grade_corrections"."status" = 'pending' /*action='statistics',application='Q224',controller='dashboard'*/[0m
  ↳ app/controllers/dashboard_controller.rb:21:in 'DashboardController#statistics'
  [1m[36mGradeCorrection Count (0.7ms)[0m  [1m[34mSELECT COUNT(*) FROM "grade_corrections" WHERE "grade_corrections"."status" = 'processing' /*action='statistics',application='Q224',controller='dashboard'*/[0m
  ↳ app/controllers/dashboard_controller.rb:22:in 'DashboardController#statistics'
  [1m[36mGradeCorrection Count (4.0ms)[0m  [1m[34mSELECT COUNT(*) FROM "grade_corrections" WHERE "grade_corrections"."status" = 'reviewing' /*action='statistics',application='Q224',controller='dashboard'*/[0m
  ↳ app/controllers/dashboard_controller.rb:23:in 'DashboardController#statistics'
  [1m[36mGradeCorrection Count (1.9ms)[0m  [1m[34mSELECT COUNT(*) FROM "grade_corrections" WHERE "grade_corrections"."status" = 'archived' /*action='statistics',application='Q224',controller='dashboard'*/[0m
  ↳ app/controllers/dashboard_controller.rb:24:in 'DashboardController#statistics'
  [1m[36mGradeCorrection Count (0.8ms)[0m  [1m[34mSELECT COUNT(*) FROM "grade_corrections" WHERE "grade_corrections"."status" = 'rejected' /*action='statistics',application='Q224',controller='dashboard'*/[0m
  ↳ app/controllers/dashboard_controller.rb:25:in 'DashboardController#statistics'
  [1m[36mGradeCorrection Count (6.2ms)[0m  [1m[34mSELECT COUNT(*) FROM "grade_corrections" WHERE "grade_corrections"."status" = 'returned' /*action='statistics',application='Q224',controller='dashboard'*/[0m
  ↳ app/controllers/dashboard_controller.rb:26:in 'DashboardController#statistics'
  [1m[36mGradeCorrection Count (7.0ms)[0m  [1m[34mSELECT COUNT(*) FROM "grade_corrections" WHERE "grade_corrections"."notification_confirmed" = FALSE /*action='statistics',application='Q224',controller='dashboard'*/[0m
  ↳ app/controllers/dashboard_controller.rb:27:in 'DashboardController#statistics'
  [1m[36mGradeCorrection Count (3.9ms)[0m  [1m[34mSELECT COUNT(*) FROM "grade_corrections" WHERE "grade_corrections"."block_reason" IS NOT NULL /*action='statistics',application='Q224',controller='dashboard'*/[0m
  ↳ app/controllers/dashboard_controller.rb:28:in 'DashboardController#statistics'
  [1m[36mGradeCorrection Count (1.0ms)[0m  [1m[34mSELECT COUNT(*) AS "count_all", "grade_corrections"."source" AS "grade_corrections_source" FROM "grade_corrections" GROUP BY "grade_corrections"."source" /*action='statistics',application='Q224',controller='dashboard'*/[0m
  ↳ app/controllers/dashboard_controller.rb:30:in 'DashboardController#statistics'
  [1m[36mGradeCorrection Count (0.8ms)[0m  [1m[34mSELECT COUNT(*) AS "count_all", "grade_corrections"."evidence_conclusion" AS "grade_corrections_evidence_conclusion" FROM "grade_corrections" GROUP BY "grade_corrections"."evidence_conclusion" /*action='statistics',application='Q224',controller='dashboard'*/[0m
  ↳ app/controllers/dashboard_controller.rb:31:in 'DashboardController#statistics'
  [1m[36mGradeCorrection Count (1.3ms)[0m  [1m[34mSELECT COUNT(*) AS "count_all", "grade_corrections"."current_owner_id" AS "grade_corrections_current_owner_id" FROM "grade_corrections" WHERE "grade_corrections"."current_owner_id" IS NOT NULL GROUP BY "grade_corrections"."current_owner_id" /*action='statistics',application='Q224',controller='dashboard'*/[0m
  ↳ app/controllers/dashboard_controller.rb:33:in 'DashboardController#statistics'
  [1m[36mCACHE User Load (0.0ms)[0m  [1m[34mSELECT "users".* FROM "users" WHERE "users"."id" = 5 LIMIT 1[0m
  ↳ app/controllers/dashboard_controller.rb:34:in 'block in DashboardController#statistics'
  [1m[36mUser Load (3.3ms)[0m  [1m[34mSELECT "users".* FROM "users" WHERE "users"."id" = 6 LIMIT 1 /*action='statistics',application='Q224',controller='dashboard'*/[0m
  ↳ app/controllers/dashboard_controller.rb:34:in 'block in DashboardController#statistics'
  [1m[36mUser Load (1.9ms)[0m  [1m[34mSELECT "users".* FROM "users" WHERE "users"."id" = 7 LIMIT 1 /*action='statistics',application='Q224',controller='dashboard'*/[0m
  ↳ app/controllers/dashboard_controller.rb:34:in 'block in DashboardController#statistics'
  [1m[36mUser Load (0.8ms)[0m  [1m[34mSELECT "users".* FROM "users" WHERE "users"."id" = 8 LIMIT 1 /*action='statistics',application='Q224',controller='dashboard'*/[0m
  ↳ app/controllers/dashboard_controller.rb:34:in 'block in DashboardController#statistics'
Completed 500 Internal Server Error in 65ms (ActiveRecord: 35.1ms (16 queries, 1 cached) | GC: 0.0ms)


  
ActiveRecord::UnknownAttributeReference (Dangerous query method (method whose arguments are used as raw SQL) called with non-attribute argument(s): "corrected_score - original_score".This method should not be called with user-provided values, such as request parameters or model attributes. Known-safe values can be passed by wrapping them in Arel.sql().):
  
app/controllers/dashboard_controller.rb:38:in 'DashboardController#statistics'
Started GET "/" for 127.0.0.1 at 2026-06-13 07:22:31 +0800
Processing by DashboardController#index as */*
  [1m[36mUser Load (0.3ms)[0m  [1m[34mSELECT "users".* FROM "users" WHERE "users"."id" = 5 LIMIT 1 /*action='index',application='Q224',controller='dashboard'*/[0m
  ↳ app/controllers/application_controller.rb:13:in 'ApplicationController#current_user'
  [1m[36mGradeCorrection Count (1.3ms)[0m  [1m[34mSELECT COUNT(*) FROM "grade_corrections" /*action='index',application='Q224',controller='dashboard'*/[0m
  ↳ app/models/grade_correction.rb:126:in 'GradeCorrection.statistics'
  [1m[36mGradeCorrection Count (0.5ms)[0m  [1m[34mSELECT COUNT(*) FROM "grade_corrections" WHERE "grade_corrections"."status" = 'pending' /*action='index',application='Q224',controller='dashboard'*/[0m
  ↳ app/models/grade_correction.rb:127:in 'GradeCorrection.statistics'
  [1m[36mGradeCorrection Count (0.5ms)[0m  [1m[34mSELECT COUNT(*) FROM "grade_corrections" WHERE "grade_corrections"."status" = 'processing' /*action='index',application='Q224',controller='dashboard'*/[0m
  ↳ app/models/grade_correction.rb:128:in 'GradeCorrection.statistics'
  [1m[36mGradeCorrection Count (1.1ms)[0m  [1m[34mSELECT COUNT(*) FROM "grade_corrections" WHERE "grade_corrections"."status" = 'reviewing' /*action='index',application='Q224',controller='dashboard'*/[0m
  ↳ app/models/grade_correction.rb:129:in 'GradeCorrection.statistics'
  [1m[36mGradeCorrection Count (0.2ms)[0m  [1m[34mSELECT COUNT(*) FROM "grade_corrections" WHERE "grade_corrections"."status" = 'archived' /*action='index',application='Q224',controller='dashboard'*/[0m
  ↳ app/models/grade_correction.rb:130:in 'GradeCorrection.statistics'
  [1m[36mGradeCorrection Count (0.1ms)[0m  [1m[34mSELECT COUNT(*) FROM "grade_corrections" WHERE "grade_corrections"."status" = 'rejected' /*action='index',application='Q224',controller='dashboard'*/[0m
  ↳ app/models/grade_correction.rb:131:in 'GradeCorrection.statistics'
  [1m[36mGradeCorrection Count (0.1ms)[0m  [1m[34mSELECT COUNT(*) FROM "grade_corrections" WHERE "grade_corrections"."status" = 'returned' /*action='index',application='Q224',controller='dashboard'*/[0m
  ↳ app/models/grade_correction.rb:132:in 'GradeCorrection.statistics'
  [1m[36mGradeCorrection Count (0.2ms)[0m  [1m[34mSELECT COUNT(*) FROM "grade_corrections" WHERE "grade_corrections"."block_reason" IS NOT NULL /*action='index',application='Q224',controller='dashboard'*/[0m
  ↳ app/models/grade_correction.rb:133:in 'GradeCorrection.statistics'
  [1m[36mGradeCorrection Count (0.1ms)[0m  [1m[34mSELECT COUNT(*) FROM "grade_corrections" WHERE "grade_corrections"."notification_confirmed" = FALSE /*action='index',application='Q224',controller='dashboard'*/[0m
  ↳ app/models/grade_correction.rb:134:in 'GradeCorrection.statistics'
  [1m[36mGradeCorrection Pluck (2.9ms)[0m  [1m[34mSELECT EXTRACT(DAY FROM MIN(processing_nodes.created_at) - grade_corrections.created_at) FROM "grade_corrections" INNER JOIN "processing_nodes" ON "processing_nodes"."grade_correction_id" = "grade_corrections"."id" WHERE "grade_corrections"."status" = 'archived' GROUP BY "grade_corrections"."id" /*action='index',application='Q224',controller='dashboard'*/[0m
  ↳ app/models/grade_correction.rb:148:in 'GradeCorrection.calculate_average_processing_days'
  [1m[36mCACHE GradeCorrection Count (0.0ms)[0m  [1m[34mSELECT COUNT(*) FROM "grade_corrections"[0m
  ↳ app/models/simple_paginator.rb:8:in 'SimplePaginator#initialize'
Completed 500 Internal Server Error in 46ms (ActiveRecord: 13.1ms (12 queries, 1 cached) | GC: 0.0ms)


  
NoMethodError (undefined method 'group_by_month' for an instance of ActiveRecord::Relation):
  
app/models/grade_correction.rb:141:in 'GradeCorrection.monthly_statistics'
app/controllers/dashboard_controller.rb:10:in 'DashboardController#index'
Started GET "/dashboard" for 127.0.0.1 at 2026-06-13 07:22:32 +0800
Processing by DashboardController#index as */*
  [1m[36mUser Load (0.4ms)[0m  [1m[34mSELECT "users".* FROM "users" WHERE "users"."id" = 5 LIMIT 1 /*action='index',application='Q224',controller='dashboard'*/[0m
  ↳ app/controllers/application_controller.rb:13:in 'ApplicationController#current_user'
  [1m[36mGradeCorrection Count (0.3ms)[0m  [1m[34mSELECT COUNT(*) FROM "grade_corrections" /*action='index',application='Q224',controller='dashboard'*/[0m
  ↳ app/models/grade_correction.rb:126:in 'GradeCorrection.statistics'
  [1m[36mGradeCorrection Count (0.5ms)[0m  [1m[34mSELECT COUNT(*) FROM "grade_corrections" WHERE "grade_corrections"."status" = 'pending' /*action='index',application='Q224',controller='dashboard'*/[0m
  ↳ app/models/grade_correction.rb:127:in 'GradeCorrection.statistics'
  [1m[36mGradeCorrection Count (0.4ms)[0m  [1m[34mSELECT COUNT(*) FROM "grade_corrections" WHERE "grade_corrections"."status" = 'processing' /*action='index',application='Q224',controller='dashboard'*/[0m
  ↳ app/models/grade_correction.rb:128:in 'GradeCorrection.statistics'
  [1m[36mGradeCorrection Count (0.2ms)[0m  [1m[34mSELECT COUNT(*) FROM "grade_corrections" WHERE "grade_corrections"."status" = 'reviewing' /*action='index',application='Q224',controller='dashboard'*/[0m
  ↳ app/models/grade_correction.rb:129:in 'GradeCorrection.statistics'
  [1m[36mGradeCorrection Count (0.3ms)[0m  [1m[34mSELECT COUNT(*) FROM "grade_corrections" WHERE "grade_corrections"."status" = 'archived' /*action='index',application='Q224',controller='dashboard'*/[0m
  ↳ app/models/grade_correction.rb:130:in 'GradeCorrection.statistics'
  [1m[36mGradeCorrection Count (0.1ms)[0m  [1m[34mSELECT COUNT(*) FROM "grade_corrections" WHERE "grade_corrections"."status" = 'rejected' /*action='index',application='Q224',controller='dashboard'*/[0m
  ↳ app/models/grade_correction.rb:131:in 'GradeCorrection.statistics'
  [1m[36mGradeCorrection Count (0.1ms)[0m  [1m[34mSELECT COUNT(*) FROM "grade_corrections" WHERE "grade_corrections"."status" = 'returned' /*action='index',application='Q224',controller='dashboard'*/[0m
  ↳ app/models/grade_correction.rb:132:in 'GradeCorrection.statistics'
  [1m[36mGradeCorrection Count (0.1ms)[0m  [1m[34mSELECT COUNT(*) FROM "grade_corrections" WHERE "grade_corrections"."block_reason" IS NOT NULL /*action='index',application='Q224',controller='dashboard'*/[0m
  ↳ app/models/grade_correction.rb:133:in 'GradeCorrection.statistics'
  [1m[36mGradeCorrection Count (0.1ms)[0m  [1m[34mSELECT COUNT(*) FROM "grade_corrections" WHERE "grade_corrections"."notification_confirmed" = FALSE /*action='index',application='Q224',controller='dashboard'*/[0m
  ↳ app/models/grade_correction.rb:134:in 'GradeCorrection.statistics'
  [1m[36mGradeCorrection Pluck (0.5ms)[0m  [1m[34mSELECT EXTRACT(DAY FROM MIN(processing_nodes.created_at) - grade_corrections.created_at) FROM "grade_corrections" INNER JOIN "processing_nodes" ON "processing_nodes"."grade_correction_id" = "grade_corrections"."id" WHERE "grade_corrections"."status" = 'archived' GROUP BY "grade_corrections"."id" /*action='index',application='Q224',controller='dashboard'*/[0m
  ↳ app/models/grade_correction.rb:148:in 'GradeCorrection.calculate_average_processing_days'
  [1m[36mCACHE GradeCorrection Count (0.0ms)[0m  [1m[34mSELECT COUNT(*) FROM "grade_corrections"[0m
  ↳ app/models/simple_paginator.rb:8:in 'SimplePaginator#initialize'
Completed 500 Internal Server Error in 11ms (ActiveRecord: 3.1ms (12 queries, 1 cached) | GC: 0.2ms)


  
NoMethodError (undefined method 'group_by_month' for an instance of ActiveRecord::Relation):
  
app/models/grade_correction.rb:141:in 'GradeCorrection.monthly_statistics'
app/controllers/dashboard_controller.rb:10:in 'DashboardController#index'
Started GET "/grade_corrections" for 127.0.0.1 at 2026-06-13 07:22:32 +0800
Processing by GradeCorrectionsController#index as */*
  [1m[36mUser Load (1.0ms)[0m  [1m[34mSELECT "users".* FROM "users" WHERE "users"."id" = 5 LIMIT 1 /*action='index',application='Q224',controller='grade_corrections'*/[0m
  ↳ app/controllers/application_controller.rb:13:in 'ApplicationController#current_user'
  [1m[36mGradeCorrection Count (4.4ms)[0m  [1m[34mSELECT COUNT(*) FROM "grade_corrections" /*action='index',application='Q224',controller='grade_corrections'*/[0m
  ↳ app/models/simple_paginator.rb:8:in 'SimplePaginator#initialize'
  Rendering layout layouts/application.html.erb
  Rendering grade_corrections/index.html.erb within layouts/application
  [1m[36mCACHE GradeCorrection Count (0.0ms)[0m  [1m[34mSELECT COUNT(*) FROM "grade_corrections"[0m
  ↳ app/models/grade_correction.rb:126:in 'GradeCorrection.statistics'
  [1m[36mGradeCorrection Count (3.2ms)[0m  [1m[34mSELECT COUNT(*) FROM "grade_corrections" WHERE "grade_corrections"."status" = 'pending' /*action='index',application='Q224',controller='grade_corrections'*/[0m
  ↳ app/models/grade_correction.rb:127:in 'GradeCorrection.statistics'
  [1m[36mGradeCorrection Count (0.5ms)[0m  [1m[34mSELECT COUNT(*) FROM "grade_corrections" WHERE "grade_corrections"."status" = 'processing' /*action='index',application='Q224',controller='grade_corrections'*/[0m
  ↳ app/models/grade_correction.rb:128:in 'GradeCorrection.statistics'
  [1m[36mGradeCorrection Count (0.3ms)[0m  [1m[34mSELECT COUNT(*) FROM "grade_corrections" WHERE "grade_corrections"."status" = 'reviewing' /*action='index',application='Q224',controller='grade_corrections'*/[0m
  ↳ app/models/grade_correction.rb:129:in 'GradeCorrection.statistics'
  [1m[36mGradeCorrection Count (0.3ms)[0m  [1m[34mSELECT COUNT(*) FROM "grade_corrections" WHERE "grade_corrections"."status" = 'archived' /*action='index',application='Q224',controller='grade_corrections'*/[0m
  ↳ app/models/grade_correction.rb:130:in 'GradeCorrection.statistics'
  [1m[36mGradeCorrection Count (0.2ms)[0m  [1m[34mSELECT COUNT(*) FROM "grade_corrections" WHERE "grade_corrections"."status" = 'rejected' /*action='index',application='Q224',controller='grade_corrections'*/[0m
  ↳ app/models/grade_correction.rb:131:in 'GradeCorrection.statistics'
  [1m[36mGradeCorrection Count (0.1ms)[0m  [1m[34mSELECT COUNT(*) FROM "grade_corrections" WHERE "grade_corrections"."status" = 'returned' /*action='index',application='Q224',controller='grade_corrections'*/[0m
  ↳ app/models/grade_correction.rb:132:in 'GradeCorrection.statistics'
  [1m[36mGradeCorrection Count (0.2ms)[0m  [1m[34mSELECT COUNT(*) FROM "grade_corrections" WHERE "grade_corrections"."block_reason" IS NOT NULL /*action='index',application='Q224',controller='grade_corrections'*/[0m
  ↳ app/models/grade_correction.rb:133:in 'GradeCorrection.statistics'
  [1m[36mGradeCorrection Count (0.3ms)[0m  [1m[34mSELECT COUNT(*) FROM "grade_corrections" WHERE "grade_corrections"."notification_confirmed" = FALSE /*action='index',application='Q224',controller='grade_corrections'*/[0m
  ↳ app/models/grade_correction.rb:134:in 'GradeCorrection.statistics'
  [1m[36mGradeCorrection Pluck (1.8ms)[0m  [1m[34mSELECT EXTRACT(DAY FROM MIN(processing_nodes.created_at) - grade_corrections.created_at) FROM "grade_corrections" INNER JOIN "processing_nodes" ON "processing_nodes"."grade_correction_id" = "grade_corrections"."id" WHERE "grade_corrections"."status" = 'archived' GROUP BY "grade_corrections"."id" /*action='index',application='Q224',controller='grade_corrections'*/[0m
  ↳ app/models/grade_correction.rb:148:in 'GradeCorrection.calculate_average_processing_days'
  Rendered dashboard/_statistics.html.erb (Duration: 0.9ms | GC: 0.0ms)
  Rendered grade_corrections/index.html.erb within layouts/application (Duration: 18.5ms | GC: 0.0ms)
  Rendered layout layouts/application.html.erb (Duration: 18.6ms | GC: 0.0ms)
Completed 500 Internal Server Error in 34ms (ActiveRecord: 12.2ms (12 queries, 1 cached) | GC: 0.0ms)


  
ActionView::Template::Error (Ransack needs GradeCorrection attributes explicitly allowlisted as
searchable. Define a `ransackable_attributes` class method in your `GradeCorrection`
model, watching out for items you DON'T want searchable (for
example, `encrypted_password`, `password_reset_token`, `owner` or
other sensitive information). You can use the following as a base:

```ruby
class GradeCorrection < ApplicationRecord

  # ...

  def self.ransackable_attributes(auth_object = nil)
    ["amount", "applicant", "application_date", "application_no", "application_reason", "block_reason", "conclusion", "corrected_score", "course_code", "course_name", "created_at", "critical_time", "current_owner_id", "evidence_conclusion", "id", "notification_confirmed", "original_score", "remedy_path", "responsible_party", "source", "status", "student_id", "student_name", "updated_at"]
  end

  # ...

end
```
)
Caused by: RuntimeError (Ransack needs GradeCorrection attributes explicitly allowlisted as
searchable. Define a `ransackable_attributes` class method in your `GradeCorrection`
model, watching out for items you DON'T want searchable (for
example, `encrypted_password`, `password_reset_token`, `owner` or
other sensitive information). You can use the following as a base:

```ruby
class GradeCorrection < ApplicationRecord

  # ...

  def self.ransackable_attributes(auth_object = nil)
    ["amount", "applicant", "application_date", "application_no", "application_reason", "block_reason", "conclusion", "corrected_score", "course_code", "course_name", "created_at", "critical_time", "current_owner_id", "evidence_conclusion", "id", "notification_confirmed", "original_score", "remedy_path", "responsible_party", "source", "status", "student_id", "student_name", "updated_at"]
  end

  # ...

end
```
)

Information for: ActionView::Template::Error (Ransack needs GradeCorrection attributes explicitly allowlisted as
searchable. Define a `ransackable_attributes` class method in your `GradeCorrection`
model, watching out for items you DON'T want searchable (for
example, `encrypted_password`, `password_reset_token`, `owner` or
other sensitive information). You can use the following as a base:

```ruby
class GradeCorrection < ApplicationRecord

  # ...

  def self.ransackable_attributes(auth_object = nil)
    ["amount", "applicant", "application_date", "application_no", "application_reason", "block_reason", "conclusion", "corrected_score", "course_code", "course_name", "created_at", "critical_time", "current_owner_id", "evidence_conclusion", "id", "notification_confirmed", "original_score", "remedy_path", "responsible_party", "source", "status", "student_id", "student_name", "updated_at"]
  end

  # ...

end
```
):
    24:           <div>
    25:             <%= f.label :application_no_or_student_name_or_student_id_or_course_name_cont, '关键字搜索', class: 'block text-sm font-medium text-gray-700' %>
    26:             <%= f.search_field :application_no_or_student_name_or_student_id_or_course_name_cont, class: 'mt-1 block w-full rounded-md border-gray-300 shadow-sm focus:border-blue-500 focus:ring-blue-500 sm:text-sm', placeholder: '申请号/姓名/学号/课程' %>
    27:           </div>
    28:           <div>
    29:             <%= f.label :status_eq, '状态', class: 'block text-sm font-medium text-gray-700' %>
    30:             <%= f.select :status_eq, GradeCorrection.aasm.states.map { |s| [GradeCorrection.status_i18n(s.name), s.name.to_s] }, { include_blank: '全部' }, class: 'mt-1 block w-full rounded-md border-gray-300 shadow-sm focus:border-blue-500 focus:ring-blue-500 sm:text-sm' %>
  
app/views/grade_corrections/index.html.erb:27
app/views/grade_corrections/index.html.erb:23

Information for cause: RuntimeError (Ransack needs GradeCorrection attributes explicitly allowlisted as
searchable. Define a `ransackable_attributes` class method in your `GradeCorrection`
model, watching out for items you DON'T want searchable (for
example, `encrypted_password`, `password_reset_token`, `owner` or
other sensitive information). You can use the following as a base:

```ruby
class GradeCorrection < ApplicationRecord

  # ...

  def self.ransackable_attributes(auth_object = nil)
    ["amount", "applicant", "application_date", "application_no", "application_reason", "block_reason", "conclusion", "corrected_score", "course_code", "course_name", "created_at", "critical_time", "current_owner_id", "evidence_conclusion", "id", "notification_confirmed", "original_score", "remedy_path", "responsible_party", "source", "status", "student_id", "student_name", "updated_at"]
  end

  # ...

end
```
):
  
app/views/grade_corrections/index.html.erb:27
app/views/grade_corrections/index.html.erb:23
Started GET "/dashboard/review" for 127.0.0.1 at 2026-06-13 07:22:32 +0800
Processing by DashboardController#review as */*
  [1m[36mUser Load (0.3ms)[0m  [1m[34mSELECT "users".* FROM "users" WHERE "users"."id" = 5 LIMIT 1 /*action='review',application='Q224',controller='dashboard'*/[0m
  ↳ app/controllers/application_controller.rb:13:in 'ApplicationController#current_user'
  [1m[36mGradeCorrection Count (0.2ms)[0m  [1m[34mSELECT COUNT(*) FROM "grade_corrections" /*action='review',application='Q224',controller='dashboard'*/[0m
  ↳ app/models/grade_correction.rb:126:in 'GradeCorrection.statistics'
  [1m[36mGradeCorrection Count (0.2ms)[0m  [1m[34mSELECT COUNT(*) FROM "grade_corrections" WHERE "grade_corrections"."status" = 'pending' /*action='review',application='Q224',controller='dashboard'*/[0m
  ↳ app/models/grade_correction.rb:127:in 'GradeCorrection.statistics'
  [1m[36mGradeCorrection Count (0.1ms)[0m  [1m[34mSELECT COUNT(*) FROM "grade_corrections" WHERE "grade_corrections"."status" = 'processing' /*action='review',application='Q224',controller='dashboard'*/[0m
  ↳ app/models/grade_correction.rb:128:in 'GradeCorrection.statistics'
  [1m[36mGradeCorrection Count (0.1ms)[0m  [1m[34mSELECT COUNT(*) FROM "grade_corrections" WHERE "grade_corrections"."status" = 'reviewing' /*action='review',application='Q224',controller='dashboard'*/[0m
  ↳ app/models/grade_correction.rb:129:in 'GradeCorrection.statistics'
  [1m[36mGradeCorrection Count (0.2ms)[0m  [1m[34mSELECT COUNT(*) FROM "grade_corrections" WHERE "grade_corrections"."status" = 'archived' /*action='review',application='Q224',controller='dashboard'*/[0m
  ↳ app/models/grade_correction.rb:130:in 'GradeCorrection.statistics'
  [1m[36mGradeCorrection Count (0.2ms)[0m  [1m[34mSELECT COUNT(*) FROM "grade_corrections" WHERE "grade_corrections"."status" = 'rejected' /*action='review',application='Q224',controller='dashboard'*/[0m
  ↳ app/models/grade_correction.rb:131:in 'GradeCorrection.statistics'
  [1m[36mGradeCorrection Count (0.3ms)[0m  [1m[34mSELECT COUNT(*) FROM "grade_corrections" WHERE "grade_corrections"."status" = 'returned' /*action='review',application='Q224',controller='dashboard'*/[0m
  ↳ app/models/grade_correction.rb:132:in 'GradeCorrection.statistics'
  [1m[36mGradeCorrection Count (0.4ms)[0m  [1m[34mSELECT COUNT(*) FROM "grade_corrections" WHERE "grade_corrections"."block_reason" IS NOT NULL /*action='review',application='Q224',controller='dashboard'*/[0m
  ↳ app/models/grade_correction.rb:133:in 'GradeCorrection.statistics'
  [1m[36mGradeCorrection Count (0.2ms)[0m  [1m[34mSELECT COUNT(*) FROM "grade_corrections" WHERE "grade_corrections"."notification_confirmed" = FALSE /*action='review',application='Q224',controller='dashboard'*/[0m
  ↳ app/models/grade_correction.rb:134:in 'GradeCorrection.statistics'
  [1m[36mGradeCorrection Pluck (0.4ms)[0m  [1m[34mSELECT EXTRACT(DAY FROM MIN(processing_nodes.created_at) - grade_corrections.created_at) FROM "grade_corrections" INNER JOIN "processing_nodes" ON "processing_nodes"."grade_correction_id" = "grade_corrections"."id" WHERE "grade_corrections"."status" = 'archived' GROUP BY "grade_corrections"."id" /*action='review',application='Q224',controller='dashboard'*/[0m
  ↳ app/models/grade_correction.rb:148:in 'GradeCorrection.calculate_average_processing_days'
  Rendering layout layouts/application.html.erb
  Rendering dashboard/review.html.erb within layouts/application
  Rendered dashboard/_statistics.html.erb (Duration: 0.4ms | GC: 0.1ms)
  [1m[36mCACHE GradeCorrection Count (0.0ms)[0m  [1m[34mSELECT COUNT(*) FROM "grade_corrections" WHERE "grade_corrections"."status" = 'processing'[0m
  ↳ app/views/dashboard/review.html.erb:16
  [1m[36mGradeCorrection Exists? (0.3ms)[0m  [1m[34mSELECT 1 AS one FROM "grade_corrections" WHERE "grade_corrections"."status" = 'processing' LIMIT 1 /*action='review',application='Q224',controller='dashboard'*/[0m
  ↳ app/views/dashboard/review.html.erb:20
  [1m[36mGradeCorrection Load (0.2ms)[0m  [1m[34mSELECT "grade_corrections".* FROM "grade_corrections" WHERE "grade_corrections"."status" = 'processing' /*action='review',application='Q224',controller='dashboard'*/[0m
  ↳ app/views/dashboard/review.html.erb:21
  [1m[36mUser Load (0.3ms)[0m  [1m[34mSELECT "users".* FROM "users" WHERE "users"."id" = 7 /*action='review',application='Q224',controller='dashboard'*/[0m
  ↳ app/views/dashboard/review.html.erb:21
  [1m[36mProcessingNode Load (0.7ms)[0m  [1m[34mSELECT "processing_nodes".* FROM "processing_nodes" WHERE "processing_nodes"."grade_correction_id" = 13 ORDER BY "processing_nodes"."created_at" ASC /*action='review',application='Q224',controller='dashboard'*/[0m
  ↳ app/views/dashboard/review.html.erb:21
  [1m[36mCACHE GradeCorrection Count (0.0ms)[0m  [1m[34mSELECT COUNT(*) FROM "grade_corrections" WHERE "grade_corrections"."status" = 'reviewing'[0m
  ↳ app/views/dashboard/review.html.erb:59
  [1m[36mGradeCorrection Exists? (0.4ms)[0m  [1m[34mSELECT 1 AS one FROM "grade_corrections" WHERE "grade_corrections"."status" = 'reviewing' LIMIT 1 /*action='review',application='Q224',controller='dashboard'*/[0m
  ↳ app/views/dashboard/review.html.erb:63
  [1m[36mGradeCorrection Load (0.2ms)[0m  [1m[34mSELECT "grade_corrections".* FROM "grade_corrections" WHERE "grade_corrections"."status" = 'reviewing' /*action='review',application='Q224',controller='dashboard'*/[0m
  ↳ app/views/dashboard/review.html.erb:64
  [1m[36mUser Load (0.2ms)[0m  [1m[34mSELECT "users".* FROM "users" WHERE "users"."id" = 8 /*action='review',application='Q224',controller='dashboard'*/[0m
  ↳ app/views/dashboard/review.html.erb:64
  [1m[36mProcessingNode Load (0.4ms)[0m  [1m[34mSELECT "processing_nodes".* FROM "processing_nodes" WHERE "processing_nodes"."grade_correction_id" = 16 ORDER BY "processing_nodes"."created_at" ASC /*action='review',application='Q224',controller='dashboard'*/[0m
  ↳ app/views/dashboard/review.html.erb:64
  [1m[36mCACHE GradeCorrection Count (0.0ms)[0m  [1m[34mSELECT COUNT(*) FROM "grade_corrections" WHERE "grade_corrections"."status" = 'returned'[0m
  ↳ app/views/dashboard/review.html.erb:110
  [1m[36mGradeCorrection Exists? (0.2ms)[0m  [1m[34mSELECT 1 AS one FROM "grade_corrections" WHERE "grade_corrections"."status" = 'returned' LIMIT 1 /*action='review',application='Q224',controller='dashboard'*/[0m
  ↳ app/views/dashboard/review.html.erb:114
  [1m[36mGradeCorrection Load (0.3ms)[0m  [1m[34mSELECT "grade_corrections".* FROM "grade_corrections" WHERE "grade_corrections"."status" = 'returned' /*action='review',application='Q224',controller='dashboard'*/[0m
  ↳ app/views/dashboard/review.html.erb:115
  [1m[36mUser Load (0.3ms)[0m  [1m[34mSELECT "users".* FROM "users" WHERE "users"."id" = 5 /*action='review',application='Q224',controller='dashboard'*/[0m
  ↳ app/views/dashboard/review.html.erb:115
  [1m[36mProcessingNode Load (0.3ms)[0m  [1m[34mSELECT "processing_nodes".* FROM "processing_nodes" WHERE "processing_nodes"."grade_correction_id" = 12 ORDER BY "processing_nodes"."created_at" ASC /*action='review',application='Q224',controller='dashboard'*/[0m
  ↳ app/views/dashboard/review.html.erb:115
  Rendered dashboard/review.html.erb within layouts/application (Duration: 81.2ms | GC: 0.7ms)
  Rendered layout layouts/application.html.erb (Duration: 83.3ms | GC: 0.7ms)
Completed 500 Internal Server Error in 95ms (ActiveRecord: 6.4ms (26 queries, 3 cached) | GC: 0.8ms)


  
ActionView::Template::Error (undefined local variable or method 'review_dashboard_path' for an instance of #<Class:0x000000010ce78030>)
Caused by: NameError (undefined local variable or method 'review_dashboard_path' for an instance of #<Class:0x000000010ce78030>)

Information for: ActionView::Template::Error (undefined local variable or method 'review_dashboard_path' for an instance of #<Class:0x000000010ce78030>):
    49:                   </span>
    50:                 <% end %>
    51:                 <%= link_to review_dashboard_path, class: "px-3 py-2 rounded-md text-sm font-medium #{request.path == review_dashboard_path ? 'bg-blue-100 text-blue-700' : 'text-gray-600 hover:bg-gray-100'}" do %>
    52:                   <span class="flex items-center space-x-1">
    53:                     <svg class="w-4 h-4" fill="none" stroke="currentColor" viewBox="0 0 24 24">
    54:                       <path stroke-linecap="round" stroke-linejoin="round" stroke-width="2" d="M9 5H7a2 2 0 00-2 2v12a2 2 0 002 2h10a2 2 0 002-2V7a2 2 0 00-2-2h-2M9 5a2 2 0 002 2h2a2 2 0 002-2M9 5a2 2 0 012-2h2a2 2 0 012 2m-6 9l2 2 4-4" />
    55:                     </svg>
  
app/views/layouts/application.html.erb:52

Information for cause: NameError (undefined local variable or method 'review_dashboard_path' for an instance of #<Class:0x000000010ce78030>):
  
app/views/layouts/application.html.erb:52
Started GET "/dashboard/statistics" for 127.0.0.1 at 2026-06-13 07:22:32 +0800
Processing by DashboardController#statistics as */*
  [1m[36mUser Load (0.3ms)[0m  [1m[34mSELECT "users".* FROM "users" WHERE "users"."id" = 5 LIMIT 1 /*action='statistics',application='Q224',controller='dashboard'*/[0m
  ↳ app/controllers/application_controller.rb:13:in 'ApplicationController#current_user'
  [1m[36mGradeCorrection Count (0.2ms)[0m  [1m[34mSELECT COUNT(*) FROM "grade_corrections" WHERE "grade_corrections"."status" = 'pending' /*action='statistics',application='Q224',controller='dashboard'*/[0m
  ↳ app/controllers/dashboard_controller.rb:21:in 'DashboardController#statistics'
  [1m[36mGradeCorrection Count (0.2ms)[0m  [1m[34mSELECT COUNT(*) FROM "grade_corrections" WHERE "grade_corrections"."status" = 'processing' /*action='statistics',application='Q224',controller='dashboard'*/[0m
  ↳ app/controllers/dashboard_controller.rb:22:in 'DashboardController#statistics'
  [1m[36mGradeCorrection Count (0.5ms)[0m  [1m[34mSELECT COUNT(*) FROM "grade_corrections" WHERE "grade_corrections"."status" = 'reviewing' /*action='statistics',application='Q224',controller='dashboard'*/[0m
  ↳ app/controllers/dashboard_controller.rb:23:in 'DashboardController#statistics'
  [1m[36mGradeCorrection Count (0.2ms)[0m  [1m[34mSELECT COUNT(*) FROM "grade_corrections" WHERE "grade_corrections"."status" = 'archived' /*action='statistics',application='Q224',controller='dashboard'*/[0m
  ↳ app/controllers/dashboard_controller.rb:24:in 'DashboardController#statistics'
  [1m[36mGradeCorrection Count (0.2ms)[0m  [1m[34mSELECT COUNT(*) FROM "grade_corrections" WHERE "grade_corrections"."status" = 'rejected' /*action='statistics',application='Q224',controller='dashboard'*/[0m
  ↳ app/controllers/dashboard_controller.rb:25:in 'DashboardController#statistics'
  [1m[36mGradeCorrection Count (0.1ms)[0m  [1m[34mSELECT COUNT(*) FROM "grade_corrections" WHERE "grade_corrections"."status" = 'returned' /*action='statistics',application='Q224',controller='dashboard'*/[0m
  ↳ app/controllers/dashboard_controller.rb:26:in 'DashboardController#statistics'
  [1m[36mGradeCorrection Count (0.3ms)[0m  [1m[34mSELECT COUNT(*) FROM "grade_corrections" WHERE "grade_corrections"."notification_confirmed" = FALSE /*action='statistics',application='Q224',controller='dashboard'*/[0m
  ↳ app/controllers/dashboard_controller.rb:27:in 'DashboardController#statistics'
  [1m[36mGradeCorrection Count (0.7ms)[0m  [1m[34mSELECT COUNT(*) FROM "grade_corrections" WHERE "grade_corrections"."block_reason" IS NOT NULL /*action='statistics',application='Q224',controller='dashboard'*/[0m
  ↳ app/controllers/dashboard_controller.rb:28:in 'DashboardController#statistics'
  [1m[36mGradeCorrection Count (0.2ms)[0m  [1m[34mSELECT COUNT(*) AS "count_all", "grade_corrections"."source" AS "grade_corrections_source" FROM "grade_corrections" GROUP BY "grade_corrections"."source" /*action='statistics',application='Q224',controller='dashboard'*/[0m
  ↳ app/controllers/dashboard_controller.rb:30:in 'DashboardController#statistics'
  [1m[36mGradeCorrection Count (0.1ms)[0m  [1m[34mSELECT COUNT(*) AS "count_all", "grade_corrections"."evidence_conclusion" AS "grade_corrections_evidence_conclusion" FROM "grade_corrections" GROUP BY "grade_corrections"."evidence_conclusion" /*action='statistics',application='Q224',controller='dashboard'*/[0m
  ↳ app/controllers/dashboard_controller.rb:31:in 'DashboardController#statistics'
  [1m[36mGradeCorrection Count (0.1ms)[0m  [1m[34mSELECT COUNT(*) AS "count_all", "grade_corrections"."current_owner_id" AS "grade_corrections_current_owner_id" FROM "grade_corrections" WHERE "grade_corrections"."current_owner_id" IS NOT NULL GROUP BY "grade_corrections"."current_owner_id" /*action='statistics',application='Q224',controller='dashboard'*/[0m
  ↳ app/controllers/dashboard_controller.rb:33:in 'DashboardController#statistics'
  [1m[36mCACHE User Load (0.0ms)[0m  [1m[34mSELECT "users".* FROM "users" WHERE "users"."id" = 5 LIMIT 1[0m
  ↳ app/controllers/dashboard_controller.rb:34:in 'block in DashboardController#statistics'
  [1m[36mUser Load (0.2ms)[0m  [1m[34mSELECT "users".* FROM "users" WHERE "users"."id" = 6 LIMIT 1 /*action='statistics',application='Q224',controller='dashboard'*/[0m
  ↳ app/controllers/dashboard_controller.rb:34:in 'block in DashboardController#statistics'
  [1m[36mUser Load (0.2ms)[0m  [1m[34mSELECT "users".* FROM "users" WHERE "users"."id" = 7 LIMIT 1 /*action='statistics',application='Q224',controller='dashboard'*/[0m
  ↳ app/controllers/dashboard_controller.rb:34:in 'block in DashboardController#statistics'
  [1m[36mUser Load (0.1ms)[0m  [1m[34mSELECT "users".* FROM "users" WHERE "users"."id" = 8 LIMIT 1 /*action='statistics',application='Q224',controller='dashboard'*/[0m
  ↳ app/controllers/dashboard_controller.rb:34:in 'block in DashboardController#statistics'
  [1m[36mGradeCorrection Pluck (0.4ms)[0m  [1m[34mSELECT corrected_score - original_score FROM "grade_corrections" WHERE "grade_corrections"."corrected_score" IS NOT NULL AND "grade_corrections"."original_score" IS NOT NULL /*action='statistics',application='Q224',controller='dashboard'*/[0m
  ↳ app/controllers/dashboard_controller.rb:38:in 'DashboardController#statistics'
  [1m[36mGradeCorrection Pluck (0.1ms)[0m  [1m[34mSELECT "grade_corrections"."amount" FROM "grade_corrections" /*action='statistics',application='Q224',controller='dashboard'*/[0m
  ↳ app/controllers/dashboard_controller.rb:46:in 'DashboardController#statistics'
  [1m[36mGradeCorrection Pluck (0.8ms)[0m  [1m[34mSELECT EXTRACT(EPOCH FROM (MAX(processing_nodes.created_at) - MIN(processing_nodes.created_at))) / 3600 FROM "grade_corrections" INNER JOIN "processing_nodes" ON "processing_nodes"."grade_correction_id" = "grade_corrections"."id" WHERE "grade_corrections"."status" = 'archived' AND "processing_nodes"."node_type" IN ('accept', 'approve') GROUP BY "grade_corrections"."id" /*action='statistics',application='Q224',controller='dashboard'*/[0m
  ↳ app/controllers/dashboard_controller.rb:54:in 'DashboardController#statistics'
  [1m[36mDiffRecord Count (1.0ms)[0m  [1m[34mSELECT COUNT(*) AS "count_all", "diff_records"."field_name" AS "diff_records_field_name" FROM "diff_records" GROUP BY "diff_records"."field_name" /*action='statistics',application='Q224',controller='dashboard'*/[0m
  ↳ app/controllers/dashboard_controller.rb:59:in 'DashboardController#statistics'
  Rendering layout layouts/application.html.erb
  Rendering dashboard/statistics.html.erb within layouts/application
  Rendered dashboard/statistics.html.erb within layouts/application (Duration: 6.8ms | GC: 0.1ms)
  Rendered layout layouts/application.html.erb (Duration: 7.7ms | GC: 0.1ms)
Completed 500 Internal Server Error in 30ms (ActiveRecord: 7.2ms (20 queries, 1 cached) | GC: 0.3ms)


  
ActionView::Template::Error (undefined local variable or method 'review_dashboard_path' for an instance of #<Class:0x000000010ce78030>)
Caused by: NameError (undefined local variable or method 'review_dashboard_path' for an instance of #<Class:0x000000010ce78030>)

Information for: ActionView::Template::Error (undefined local variable or method 'review_dashboard_path' for an instance of #<Class:0x000000010ce78030>):
    49:                   </span>
    50:                 <% end %>
    51:                 <%= link_to review_dashboard_path, class: "px-3 py-2 rounded-md text-sm font-medium #{request.path == review_dashboard_path ? 'bg-blue-100 text-blue-700' : 'text-gray-600 hover:bg-gray-100'}" do %>
    52:                   <span class="flex items-center space-x-1">
    53:                     <svg class="w-4 h-4" fill="none" stroke="currentColor" viewBox="0 0 24 24">
    54:                       <path stroke-linecap="round" stroke-linejoin="round" stroke-width="2" d="M9 5H7a2 2 0 00-2 2v12a2 2 0 002 2h10a2 2 0 002-2V7a2 2 0 00-2-2h-2M9 5a2 2 0 002 2h2a2 2 0 002-2M9 5a2 2 0 012-2h2a2 2 0 012 2m-6 9l2 2 4-4" />
    55:                     </svg>
  
app/views/layouts/application.html.erb:52

Information for cause: NameError (undefined local variable or method 'review_dashboard_path' for an instance of #<Class:0x000000010ce78030>):
  
app/views/layouts/application.html.erb:52
Started GET "/" for 127.0.0.1 at 2026-06-13 07:23:55 +0800
Processing by DashboardController#index as */*
  [1m[36mUser Load (0.3ms)[0m  [1m[34mSELECT "users".* FROM "users" WHERE "users"."id" = 5 LIMIT 1 /*action='index',application='Q224',controller='dashboard'*/[0m
  ↳ app/controllers/application_controller.rb:13:in 'ApplicationController#current_user'
  [1m[36mGradeCorrection Count (1.2ms)[0m  [1m[34mSELECT COUNT(*) FROM "grade_corrections" /*action='index',application='Q224',controller='dashboard'*/[0m
  ↳ app/models/grade_correction.rb:126:in 'GradeCorrection.statistics'
  [1m[36mGradeCorrection Count (0.1ms)[0m  [1m[34mSELECT COUNT(*) FROM "grade_corrections" WHERE "grade_corrections"."status" = 'pending' /*action='index',application='Q224',controller='dashboard'*/[0m
  ↳ app/models/grade_correction.rb:127:in 'GradeCorrection.statistics'
  [1m[36mGradeCorrection Count (0.1ms)[0m  [1m[34mSELECT COUNT(*) FROM "grade_corrections" WHERE "grade_corrections"."status" = 'processing' /*action='index',application='Q224',controller='dashboard'*/[0m
  ↳ app/models/grade_correction.rb:128:in 'GradeCorrection.statistics'
  [1m[36mGradeCorrection Count (0.1ms)[0m  [1m[34mSELECT COUNT(*) FROM "grade_corrections" WHERE "grade_corrections"."status" = 'reviewing' /*action='index',application='Q224',controller='dashboard'*/[0m
  ↳ app/models/grade_correction.rb:129:in 'GradeCorrection.statistics'
  [1m[36mGradeCorrection Count (0.1ms)[0m  [1m[34mSELECT COUNT(*) FROM "grade_corrections" WHERE "grade_corrections"."status" = 'archived' /*action='index',application='Q224',controller='dashboard'*/[0m
  ↳ app/models/grade_correction.rb:130:in 'GradeCorrection.statistics'
  [1m[36mGradeCorrection Count (0.1ms)[0m  [1m[34mSELECT COUNT(*) FROM "grade_corrections" WHERE "grade_corrections"."status" = 'rejected' /*action='index',application='Q224',controller='dashboard'*/[0m
  ↳ app/models/grade_correction.rb:131:in 'GradeCorrection.statistics'
  [1m[36mGradeCorrection Count (0.1ms)[0m  [1m[34mSELECT COUNT(*) FROM "grade_corrections" WHERE "grade_corrections"."status" = 'returned' /*action='index',application='Q224',controller='dashboard'*/[0m
  ↳ app/models/grade_correction.rb:132:in 'GradeCorrection.statistics'
  [1m[36mGradeCorrection Count (0.1ms)[0m  [1m[34mSELECT COUNT(*) FROM "grade_corrections" WHERE "grade_corrections"."block_reason" IS NOT NULL /*action='index',application='Q224',controller='dashboard'*/[0m
  ↳ app/models/grade_correction.rb:133:in 'GradeCorrection.statistics'
  [1m[36mGradeCorrection Count (0.1ms)[0m  [1m[34mSELECT COUNT(*) FROM "grade_corrections" WHERE "grade_corrections"."notification_confirmed" = FALSE /*action='index',application='Q224',controller='dashboard'*/[0m
  ↳ app/models/grade_correction.rb:134:in 'GradeCorrection.statistics'
  [1m[36mGradeCorrection Pluck (0.9ms)[0m  [1m[34mSELECT EXTRACT(DAY FROM MIN(processing_nodes.created_at) - grade_corrections.created_at) FROM "grade_corrections" INNER JOIN "processing_nodes" ON "processing_nodes"."grade_correction_id" = "grade_corrections"."id" WHERE "grade_corrections"."status" = 'archived' GROUP BY "grade_corrections"."id" /*action='index',application='Q224',controller='dashboard'*/[0m
  ↳ app/models/grade_correction.rb:148:in 'GradeCorrection.calculate_average_processing_days'
  [1m[36mCACHE GradeCorrection Count (0.0ms)[0m  [1m[34mSELECT COUNT(*) FROM "grade_corrections"[0m
  ↳ app/models/simple_paginator.rb:8:in 'SimplePaginator#initialize'
Completed 500 Internal Server Error in 35ms (ActiveRecord: 10.7ms (12 queries, 1 cached) | GC: 0.0ms)


  
NoMethodError (undefined method 'group_by_month' for an instance of ActiveRecord::Relation):
  
app/models/grade_correction.rb:141:in 'GradeCorrection.monthly_statistics'
app/controllers/dashboard_controller.rb:10:in 'DashboardController#index'
Started GET "/dashboard" for 127.0.0.1 at 2026-06-13 07:23:55 +0800
Processing by DashboardController#index as */*
  [1m[36mUser Load (0.3ms)[0m  [1m[34mSELECT "users".* FROM "users" WHERE "users"."id" = 5 LIMIT 1 /*action='index',application='Q224',controller='dashboard'*/[0m
  ↳ app/controllers/application_controller.rb:13:in 'ApplicationController#current_user'
  [1m[36mGradeCorrection Count (0.2ms)[0m  [1m[34mSELECT COUNT(*) FROM "grade_corrections" /*action='index',application='Q224',controller='dashboard'*/[0m
  ↳ app/models/grade_correction.rb:126:in 'GradeCorrection.statistics'
  [1m[36mGradeCorrection Count (0.1ms)[0m  [1m[34mSELECT COUNT(*) FROM "grade_corrections" WHERE "grade_corrections"."status" = 'pending' /*action='index',application='Q224',controller='dashboard'*/[0m
  ↳ app/models/grade_correction.rb:127:in 'GradeCorrection.statistics'
  [1m[36mGradeCorrection Count (0.1ms)[0m  [1m[34mSELECT COUNT(*) FROM "grade_corrections" WHERE "grade_corrections"."status" = 'processing' /*action='index',application='Q224',controller='dashboard'*/[0m
  ↳ app/models/grade_correction.rb:128:in 'GradeCorrection.statistics'
  [1m[36mGradeCorrection Count (0.1ms)[0m  [1m[34mSELECT COUNT(*) FROM "grade_corrections" WHERE "grade_corrections"."status" = 'reviewing' /*action='index',application='Q224',controller='dashboard'*/[0m
  ↳ app/models/grade_correction.rb:129:in 'GradeCorrection.statistics'
  [1m[36mGradeCorrection Count (0.1ms)[0m  [1m[34mSELECT COUNT(*) FROM "grade_corrections" WHERE "grade_corrections"."status" = 'archived' /*action='index',application='Q224',controller='dashboard'*/[0m
  ↳ app/models/grade_correction.rb:130:in 'GradeCorrection.statistics'
  [1m[36mGradeCorrection Count (0.1ms)[0m  [1m[34mSELECT COUNT(*) FROM "grade_corrections" WHERE "grade_corrections"."status" = 'rejected' /*action='index',application='Q224',controller='dashboard'*/[0m
  ↳ app/models/grade_correction.rb:131:in 'GradeCorrection.statistics'
  [1m[36mGradeCorrection Count (0.1ms)[0m  [1m[34mSELECT COUNT(*) FROM "grade_corrections" WHERE "grade_corrections"."status" = 'returned' /*action='index',application='Q224',controller='dashboard'*/[0m
  ↳ app/models/grade_correction.rb:132:in 'GradeCorrection.statistics'
  [1m[36mGradeCorrection Count (0.1ms)[0m  [1m[34mSELECT COUNT(*) FROM "grade_corrections" WHERE "grade_corrections"."block_reason" IS NOT NULL /*action='index',application='Q224',controller='dashboard'*/[0m
  ↳ app/models/grade_correction.rb:133:in 'GradeCorrection.statistics'
  [1m[36mGradeCorrection Count (0.1ms)[0m  [1m[34mSELECT COUNT(*) FROM "grade_corrections" WHERE "grade_corrections"."notification_confirmed" = FALSE /*action='index',application='Q224',controller='dashboard'*/[0m
  ↳ app/models/grade_correction.rb:134:in 'GradeCorrection.statistics'
  [1m[36mGradeCorrection Pluck (0.4ms)[0m  [1m[34mSELECT EXTRACT(DAY FROM MIN(processing_nodes.created_at) - grade_corrections.created_at) FROM "grade_corrections" INNER JOIN "processing_nodes" ON "processing_nodes"."grade_correction_id" = "grade_corrections"."id" WHERE "grade_corrections"."status" = 'archived' GROUP BY "grade_corrections"."id" /*action='index',application='Q224',controller='dashboard'*/[0m
  ↳ app/models/grade_correction.rb:148:in 'GradeCorrection.calculate_average_processing_days'
  [1m[36mCACHE GradeCorrection Count (0.0ms)[0m  [1m[34mSELECT COUNT(*) FROM "grade_corrections"[0m
  ↳ app/models/simple_paginator.rb:8:in 'SimplePaginator#initialize'
Completed 500 Internal Server Error in 8ms (ActiveRecord: 1.6ms (12 queries, 1 cached) | GC: 0.1ms)


  
NoMethodError (undefined method 'group_by_month' for an instance of ActiveRecord::Relation):
  
app/models/grade_correction.rb:141:in 'GradeCorrection.monthly_statistics'
app/controllers/dashboard_controller.rb:10:in 'DashboardController#index'
Started GET "/grade_corrections" for 127.0.0.1 at 2026-06-13 07:23:55 +0800
Processing by GradeCorrectionsController#index as */*
  [1m[36mUser Load (0.7ms)[0m  [1m[34mSELECT "users".* FROM "users" WHERE "users"."id" = 5 LIMIT 1 /*action='index',application='Q224',controller='grade_corrections'*/[0m
  ↳ app/controllers/application_controller.rb:13:in 'ApplicationController#current_user'
  [1m[36mGradeCorrection Count (0.4ms)[0m  [1m[34mSELECT COUNT(*) FROM "grade_corrections" /*action='index',application='Q224',controller='grade_corrections'*/[0m
  ↳ app/models/simple_paginator.rb:8:in 'SimplePaginator#initialize'
  Rendering layout layouts/application.html.erb
  Rendering grade_corrections/index.html.erb within layouts/application
  [1m[36mCACHE GradeCorrection Count (0.0ms)[0m  [1m[34mSELECT COUNT(*) FROM "grade_corrections"[0m
  ↳ app/models/grade_correction.rb:126:in 'GradeCorrection.statistics'
  [1m[36mGradeCorrection Count (0.6ms)[0m  [1m[34mSELECT COUNT(*) FROM "grade_corrections" WHERE "grade_corrections"."status" = 'pending' /*action='index',application='Q224',controller='grade_corrections'*/[0m
  ↳ app/models/grade_correction.rb:127:in 'GradeCorrection.statistics'
  [1m[36mGradeCorrection Count (0.2ms)[0m  [1m[34mSELECT COUNT(*) FROM "grade_corrections" WHERE "grade_corrections"."status" = 'processing' /*action='index',application='Q224',controller='grade_corrections'*/[0m
  ↳ app/models/grade_correction.rb:128:in 'GradeCorrection.statistics'
  [1m[36mGradeCorrection Count (0.1ms)[0m  [1m[34mSELECT COUNT(*) FROM "grade_corrections" WHERE "grade_corrections"."status" = 'reviewing' /*action='index',application='Q224',controller='grade_corrections'*/[0m
  ↳ app/models/grade_correction.rb:129:in 'GradeCorrection.statistics'
  [1m[36mGradeCorrection Count (0.1ms)[0m  [1m[34mSELECT COUNT(*) FROM "grade_corrections" WHERE "grade_corrections"."status" = 'archived' /*action='index',application='Q224',controller='grade_corrections'*/[0m
  ↳ app/models/grade_correction.rb:130:in 'GradeCorrection.statistics'
  [1m[36mGradeCorrection Count (0.1ms)[0m  [1m[34mSELECT COUNT(*) FROM "grade_corrections" WHERE "grade_corrections"."status" = 'rejected' /*action='index',application='Q224',controller='grade_corrections'*/[0m
  ↳ app/models/grade_correction.rb:131:in 'GradeCorrection.statistics'
  [1m[36mGradeCorrection Count (0.1ms)[0m  [1m[34mSELECT COUNT(*) FROM "grade_corrections" WHERE "grade_corrections"."status" = 'returned' /*action='index',application='Q224',controller='grade_corrections'*/[0m
  ↳ app/models/grade_correction.rb:132:in 'GradeCorrection.statistics'
  [1m[36mGradeCorrection Count (0.1ms)[0m  [1m[34mSELECT COUNT(*) FROM "grade_corrections" WHERE "grade_corrections"."block_reason" IS NOT NULL /*action='index',application='Q224',controller='grade_corrections'*/[0m
  ↳ app/models/grade_correction.rb:133:in 'GradeCorrection.statistics'
  [1m[36mGradeCorrection Count (0.1ms)[0m  [1m[34mSELECT COUNT(*) FROM "grade_corrections" WHERE "grade_corrections"."notification_confirmed" = FALSE /*action='index',application='Q224',controller='grade_corrections'*/[0m
  ↳ app/models/grade_correction.rb:134:in 'GradeCorrection.statistics'
  [1m[36mGradeCorrection Pluck (0.4ms)[0m  [1m[34mSELECT EXTRACT(DAY FROM MIN(processing_nodes.created_at) - grade_corrections.created_at) FROM "grade_corrections" INNER JOIN "processing_nodes" ON "processing_nodes"."grade_correction_id" = "grade_corrections"."id" WHERE "grade_corrections"."status" = 'archived' GROUP BY "grade_corrections"."id" /*action='index',application='Q224',controller='grade_corrections'*/[0m
  ↳ app/models/grade_correction.rb:148:in 'GradeCorrection.calculate_average_processing_days'
  Rendered dashboard/_statistics.html.erb (Duration: 0.8ms | GC: 0.0ms)
  Rendered grade_corrections/index.html.erb within layouts/application (Duration: 8.6ms | GC: 0.1ms)
  Rendered layout layouts/application.html.erb (Duration: 8.7ms | GC: 0.1ms)
Completed 500 Internal Server Error in 15ms (ActiveRecord: 2.8ms (12 queries, 1 cached) | GC: 0.3ms)


  
ActionView::Template::Error (Ransack needs GradeCorrection attributes explicitly allowlisted as
searchable. Define a `ransackable_attributes` class method in your `GradeCorrection`
model, watching out for items you DON'T want searchable (for
example, `encrypted_password`, `password_reset_token`, `owner` or
other sensitive information). You can use the following as a base:

```ruby
class GradeCorrection < ApplicationRecord

  # ...

  def self.ransackable_attributes(auth_object = nil)
    ["amount", "applicant", "application_date", "application_no", "application_reason", "block_reason", "conclusion", "corrected_score", "course_code", "course_name", "created_at", "critical_time", "current_owner_id", "evidence_conclusion", "id", "notification_confirmed", "original_score", "remedy_path", "responsible_party", "source", "status", "student_id", "student_name", "updated_at"]
  end

  # ...

end
```
)
Caused by: RuntimeError (Ransack needs GradeCorrection attributes explicitly allowlisted as
searchable. Define a `ransackable_attributes` class method in your `GradeCorrection`
model, watching out for items you DON'T want searchable (for
example, `encrypted_password`, `password_reset_token`, `owner` or
other sensitive information). You can use the following as a base:

```ruby
class GradeCorrection < ApplicationRecord

  # ...

  def self.ransackable_attributes(auth_object = nil)
    ["amount", "applicant", "application_date", "application_no", "application_reason", "block_reason", "conclusion", "corrected_score", "course_code", "course_name", "created_at", "critical_time", "current_owner_id", "evidence_conclusion", "id", "notification_confirmed", "original_score", "remedy_path", "responsible_party", "source", "status", "student_id", "student_name", "updated_at"]
  end

  # ...

end
```
)

Information for: ActionView::Template::Error (Ransack needs GradeCorrection attributes explicitly allowlisted as
searchable. Define a `ransackable_attributes` class method in your `GradeCorrection`
model, watching out for items you DON'T want searchable (for
example, `encrypted_password`, `password_reset_token`, `owner` or
other sensitive information). You can use the following as a base:

```ruby
class GradeCorrection < ApplicationRecord

  # ...

  def self.ransackable_attributes(auth_object = nil)
    ["amount", "applicant", "application_date", "application_no", "application_reason", "block_reason", "conclusion", "corrected_score", "course_code", "course_name", "created_at", "critical_time", "current_owner_id", "evidence_conclusion", "id", "notification_confirmed", "original_score", "remedy_path", "responsible_party", "source", "status", "student_id", "student_name", "updated_at"]
  end

  # ...

end
```
):
    24:           <div>
    25:             <%= f.label :application_no_or_student_name_or_student_id_or_course_name_cont, '关键字搜索', class: 'block text-sm font-medium text-gray-700' %>
    26:             <%= f.search_field :application_no_or_student_name_or_student_id_or_course_name_cont, class: 'mt-1 block w-full rounded-md border-gray-300 shadow-sm focus:border-blue-500 focus:ring-blue-500 sm:text-sm', placeholder: '申请号/姓名/学号/课程' %>
    27:           </div>
    28:           <div>
    29:             <%= f.label :status_eq, '状态', class: 'block text-sm font-medium text-gray-700' %>
    30:             <%= f.select :status_eq, GradeCorrection.aasm.states.map { |s| [GradeCorrection.status_i18n(s.name), s.name.to_s] }, { include_blank: '全部' }, class: 'mt-1 block w-full rounded-md border-gray-300 shadow-sm focus:border-blue-500 focus:ring-blue-500 sm:text-sm' %>
  
app/views/grade_corrections/index.html.erb:27
app/views/grade_corrections/index.html.erb:23

Information for cause: RuntimeError (Ransack needs GradeCorrection attributes explicitly allowlisted as
searchable. Define a `ransackable_attributes` class method in your `GradeCorrection`
model, watching out for items you DON'T want searchable (for
example, `encrypted_password`, `password_reset_token`, `owner` or
other sensitive information). You can use the following as a base:

```ruby
class GradeCorrection < ApplicationRecord

  # ...

  def self.ransackable_attributes(auth_object = nil)
    ["amount", "applicant", "application_date", "application_no", "application_reason", "block_reason", "conclusion", "corrected_score", "course_code", "course_name", "created_at", "critical_time", "current_owner_id", "evidence_conclusion", "id", "notification_confirmed", "original_score", "remedy_path", "responsible_party", "source", "status", "student_id", "student_name", "updated_at"]
  end

  # ...

end
```
):
  
app/views/grade_corrections/index.html.erb:27
app/views/grade_corrections/index.html.erb:23
Started GET "/dashboard/review" for 127.0.0.1 at 2026-06-13 07:23:55 +0800
Processing by DashboardController#review as */*
  [1m[36mUser Load (0.3ms)[0m  [1m[34mSELECT "users".* FROM "users" WHERE "users"."id" = 5 LIMIT 1 /*action='review',application='Q224',controller='dashboard'*/[0m
  ↳ app/controllers/application_controller.rb:13:in 'ApplicationController#current_user'
  [1m[36mGradeCorrection Count (0.3ms)[0m  [1m[34mSELECT COUNT(*) FROM "grade_corrections" /*action='review',application='Q224',controller='dashboard'*/[0m
  ↳ app/models/grade_correction.rb:126:in 'GradeCorrection.statistics'
  [1m[36mGradeCorrection Count (0.2ms)[0m  [1m[34mSELECT COUNT(*) FROM "grade_corrections" WHERE "grade_corrections"."status" = 'pending' /*action='review',application='Q224',controller='dashboard'*/[0m
  ↳ app/models/grade_correction.rb:127:in 'GradeCorrection.statistics'
  [1m[36mGradeCorrection Count (0.2ms)[0m  [1m[34mSELECT COUNT(*) FROM "grade_corrections" WHERE "grade_corrections"."status" = 'processing' /*action='review',application='Q224',controller='dashboard'*/[0m
  ↳ app/models/grade_correction.rb:128:in 'GradeCorrection.statistics'
  [1m[36mGradeCorrection Count (0.1ms)[0m  [1m[34mSELECT COUNT(*) FROM "grade_corrections" WHERE "grade_corrections"."status" = 'reviewing' /*action='review',application='Q224',controller='dashboard'*/[0m
  ↳ app/models/grade_correction.rb:129:in 'GradeCorrection.statistics'
  [1m[36mGradeCorrection Count (0.1ms)[0m  [1m[34mSELECT COUNT(*) FROM "grade_corrections" WHERE "grade_corrections"."status" = 'archived' /*action='review',application='Q224',controller='dashboard'*/[0m
  ↳ app/models/grade_correction.rb:130:in 'GradeCorrection.statistics'
  [1m[36mGradeCorrection Count (0.1ms)[0m  [1m[34mSELECT COUNT(*) FROM "grade_corrections" WHERE "grade_corrections"."status" = 'rejected' /*action='review',application='Q224',controller='dashboard'*/[0m
  ↳ app/models/grade_correction.rb:131:in 'GradeCorrection.statistics'
  [1m[36mGradeCorrection Count (0.3ms)[0m  [1m[34mSELECT COUNT(*) FROM "grade_corrections" WHERE "grade_corrections"."status" = 'returned' /*action='review',application='Q224',controller='dashboard'*/[0m
  ↳ app/models/grade_correction.rb:132:in 'GradeCorrection.statistics'
  [1m[36mGradeCorrection Count (0.1ms)[0m  [1m[34mSELECT COUNT(*) FROM "grade_corrections" WHERE "grade_corrections"."block_reason" IS NOT NULL /*action='review',application='Q224',controller='dashboard'*/[0m
  ↳ app/models/grade_correction.rb:133:in 'GradeCorrection.statistics'
  [1m[36mGradeCorrection Count (0.2ms)[0m  [1m[34mSELECT COUNT(*) FROM "grade_corrections" WHERE "grade_corrections"."notification_confirmed" = FALSE /*action='review',application='Q224',controller='dashboard'*/[0m
  ↳ app/models/grade_correction.rb:134:in 'GradeCorrection.statistics'
  [1m[36mGradeCorrection Pluck (0.4ms)[0m  [1m[34mSELECT EXTRACT(DAY FROM MIN(processing_nodes.created_at) - grade_corrections.created_at) FROM "grade_corrections" INNER JOIN "processing_nodes" ON "processing_nodes"."grade_correction_id" = "grade_corrections"."id" WHERE "grade_corrections"."status" = 'archived' GROUP BY "grade_corrections"."id" /*action='review',application='Q224',controller='dashboard'*/[0m
  ↳ app/models/grade_correction.rb:148:in 'GradeCorrection.calculate_average_processing_days'
  Rendering layout layouts/application.html.erb
  Rendering dashboard/review.html.erb within layouts/application
  Rendered dashboard/_statistics.html.erb (Duration: 0.3ms | GC: 0.0ms)
  [1m[36mCACHE GradeCorrection Count (0.0ms)[0m  [1m[34mSELECT COUNT(*) FROM "grade_corrections" WHERE "grade_corrections"."status" = 'processing'[0m
  ↳ app/views/dashboard/review.html.erb:16
  [1m[36mGradeCorrection Exists? (0.4ms)[0m  [1m[34mSELECT 1 AS one FROM "grade_corrections" WHERE "grade_corrections"."status" = 'processing' LIMIT 1 /*action='review',application='Q224',controller='dashboard'*/[0m
  ↳ app/views/dashboard/review.html.erb:20
  [1m[36mGradeCorrection Load (0.2ms)[0m  [1m[34mSELECT "grade_corrections".* FROM "grade_corrections" WHERE "grade_corrections"."status" = 'processing' /*action='review',application='Q224',controller='dashboard'*/[0m
  ↳ app/views/dashboard/review.html.erb:21
  [1m[36mUser Load (0.3ms)[0m  [1m[34mSELECT "users".* FROM "users" WHERE "users"."id" = 7 /*action='review',application='Q224',controller='dashboard'*/[0m
  ↳ app/views/dashboard/review.html.erb:21
  [1m[36mProcessingNode Load (0.3ms)[0m  [1m[34mSELECT "processing_nodes".* FROM "processing_nodes" WHERE "processing_nodes"."grade_correction_id" = 13 ORDER BY "processing_nodes"."created_at" ASC /*action='review',application='Q224',controller='dashboard'*/[0m
  ↳ app/views/dashboard/review.html.erb:21
  [1m[36mCACHE GradeCorrection Count (0.0ms)[0m  [1m[34mSELECT COUNT(*) FROM "grade_corrections" WHERE "grade_corrections"."status" = 'reviewing'[0m
  ↳ app/views/dashboard/review.html.erb:59
  [1m[36mGradeCorrection Exists? (0.3ms)[0m  [1m[34mSELECT 1 AS one FROM "grade_corrections" WHERE "grade_corrections"."status" = 'reviewing' LIMIT 1 /*action='review',application='Q224',controller='dashboard'*/[0m
  ↳ app/views/dashboard/review.html.erb:63
  [1m[36mGradeCorrection Load (0.2ms)[0m  [1m[34mSELECT "grade_corrections".* FROM "grade_corrections" WHERE "grade_corrections"."status" = 'reviewing' /*action='review',application='Q224',controller='dashboard'*/[0m
  ↳ app/views/dashboard/review.html.erb:64
  [1m[36mUser Load (0.2ms)[0m  [1m[34mSELECT "users".* FROM "users" WHERE "users"."id" = 8 /*action='review',application='Q224',controller='dashboard'*/[0m
  ↳ app/views/dashboard/review.html.erb:64
  [1m[36mProcessingNode Load (0.2ms)[0m  [1m[34mSELECT "processing_nodes".* FROM "processing_nodes" WHERE "processing_nodes"."grade_correction_id" = 16 ORDER BY "processing_nodes"."created_at" ASC /*action='review',application='Q224',controller='dashboard'*/[0m
  ↳ app/views/dashboard/review.html.erb:64
  [1m[36mCACHE GradeCorrection Count (0.0ms)[0m  [1m[34mSELECT COUNT(*) FROM "grade_corrections" WHERE "grade_corrections"."status" = 'returned'[0m
  ↳ app/views/dashboard/review.html.erb:110
  [1m[36mGradeCorrection Exists? (0.2ms)[0m  [1m[34mSELECT 1 AS one FROM "grade_corrections" WHERE "grade_corrections"."status" = 'returned' LIMIT 1 /*action='review',application='Q224',controller='dashboard'*/[0m
  ↳ app/views/dashboard/review.html.erb:114
  [1m[36mGradeCorrection Load (0.1ms)[0m  [1m[34mSELECT "grade_corrections".* FROM "grade_corrections" WHERE "grade_corrections"."status" = 'returned' /*action='review',application='Q224',controller='dashboard'*/[0m
  ↳ app/views/dashboard/review.html.erb:115
  [1m[36mUser Load (0.1ms)[0m  [1m[34mSELECT "users".* FROM "users" WHERE "users"."id" = 5 /*action='review',application='Q224',controller='dashboard'*/[0m
  ↳ app/views/dashboard/review.html.erb:115
  [1m[36mProcessingNode Load (0.1ms)[0m  [1m[34mSELECT "processing_nodes".* FROM "processing_nodes" WHERE "processing_nodes"."grade_correction_id" = 12 ORDER BY "processing_nodes"."created_at" ASC /*action='review',application='Q224',controller='dashboard'*/[0m
  ↳ app/views/dashboard/review.html.erb:115
  Rendered dashboard/review.html.erb within layouts/application (Duration: 20.9ms | GC: 0.4ms)
  [1m[36mUser Count (0.2ms)[0m  [1m[34mSELECT COUNT(*) FROM "users" /*action='review',application='Q224',controller='dashboard'*/[0m
  ↳ app/views/layouts/application.html.erb:71
  [1m[36mUser Load (0.3ms)[0m  [1m[34mSELECT "users".* FROM "users" WHERE "users"."id" != 5 /*action='review',application='Q224',controller='dashboard'*/[0m
  ↳ app/views/layouts/application.html.erb:88
  Rendered layout layouts/application.html.erb (Duration: 25.8ms | GC: 0.5ms)
Completed 200 OK in 36ms (Views: 23.3ms | ActiveRecord: 5.4ms (28 queries, 3 cached) | GC: 0.7ms)


Started GET "/dashboard/statistics" for 127.0.0.1 at 2026-06-13 07:23:55 +0800
Processing by DashboardController#statistics as */*
  [1m[36mUser Load (0.3ms)[0m  [1m[34mSELECT "users".* FROM "users" WHERE "users"."id" = 5 LIMIT 1 /*action='statistics',application='Q224',controller='dashboard'*/[0m
  ↳ app/controllers/application_controller.rb:13:in 'ApplicationController#current_user'
  [1m[36mGradeCorrection Count (0.2ms)[0m  [1m[34mSELECT COUNT(*) FROM "grade_corrections" WHERE "grade_corrections"."status" = 'pending' /*action='statistics',application='Q224',controller='dashboard'*/[0m
  ↳ app/controllers/dashboard_controller.rb:21:in 'DashboardController#statistics'
  [1m[36mGradeCorrection Count (0.3ms)[0m  [1m[34mSELECT COUNT(*) FROM "grade_corrections" WHERE "grade_corrections"."status" = 'processing' /*action='statistics',application='Q224',controller='dashboard'*/[0m
  ↳ app/controllers/dashboard_controller.rb:22:in 'DashboardController#statistics'
  [1m[36mGradeCorrection Count (0.3ms)[0m  [1m[34mSELECT COUNT(*) FROM "grade_corrections" WHERE "grade_corrections"."status" = 'reviewing' /*action='statistics',application='Q224',controller='dashboard'*/[0m
  ↳ app/controllers/dashboard_controller.rb:23:in 'DashboardController#statistics'
  [1m[36mGradeCorrection Count (0.2ms)[0m  [1m[34mSELECT COUNT(*) FROM "grade_corrections" WHERE "grade_corrections"."status" = 'archived' /*action='statistics',application='Q224',controller='dashboard'*/[0m
  ↳ app/controllers/dashboard_controller.rb:24:in 'DashboardController#statistics'
  [1m[36mGradeCorrection Count (0.1ms)[0m  [1m[34mSELECT COUNT(*) FROM "grade_corrections" WHERE "grade_corrections"."status" = 'rejected' /*action='statistics',application='Q224',controller='dashboard'*/[0m
  ↳ app/controllers/dashboard_controller.rb:25:in 'DashboardController#statistics'
  [1m[36mGradeCorrection Count (0.2ms)[0m  [1m[34mSELECT COUNT(*) FROM "grade_corrections" WHERE "grade_corrections"."status" = 'returned' /*action='statistics',application='Q224',controller='dashboard'*/[0m
  ↳ app/controllers/dashboard_controller.rb:26:in 'DashboardController#statistics'
  [1m[36mGradeCorrection Count (0.1ms)[0m  [1m[34mSELECT COUNT(*) FROM "grade_corrections" WHERE "grade_corrections"."notification_confirmed" = FALSE /*action='statistics',application='Q224',controller='dashboard'*/[0m
  ↳ app/controllers/dashboard_controller.rb:27:in 'DashboardController#statistics'
  [1m[36mGradeCorrection Count (0.1ms)[0m  [1m[34mSELECT COUNT(*) FROM "grade_corrections" WHERE "grade_corrections"."block_reason" IS NOT NULL /*action='statistics',application='Q224',controller='dashboard'*/[0m
  ↳ app/controllers/dashboard_controller.rb:28:in 'DashboardController#statistics'
  [1m[36mGradeCorrection Count (0.2ms)[0m  [1m[34mSELECT COUNT(*) AS "count_all", "grade_corrections"."source" AS "grade_corrections_source" FROM "grade_corrections" GROUP BY "grade_corrections"."source" /*action='statistics',application='Q224',controller='dashboard'*/[0m
  ↳ app/controllers/dashboard_controller.rb:30:in 'DashboardController#statistics'
  [1m[36mGradeCorrection Count (0.2ms)[0m  [1m[34mSELECT COUNT(*) AS "count_all", "grade_corrections"."evidence_conclusion" AS "grade_corrections_evidence_conclusion" FROM "grade_corrections" GROUP BY "grade_corrections"."evidence_conclusion" /*action='statistics',application='Q224',controller='dashboard'*/[0m
  ↳ app/controllers/dashboard_controller.rb:31:in 'DashboardController#statistics'
  [1m[36mGradeCorrection Count (0.2ms)[0m  [1m[34mSELECT COUNT(*) AS "count_all", "grade_corrections"."current_owner_id" AS "grade_corrections_current_owner_id" FROM "grade_corrections" WHERE "grade_corrections"."current_owner_id" IS NOT NULL GROUP BY "grade_corrections"."current_owner_id" /*action='statistics',application='Q224',controller='dashboard'*/[0m
  ↳ app/controllers/dashboard_controller.rb:33:in 'DashboardController#statistics'
  [1m[36mCACHE User Load (0.0ms)[0m  [1m[34mSELECT "users".* FROM "users" WHERE "users"."id" = 5 LIMIT 1[0m
  ↳ app/controllers/dashboard_controller.rb:34:in 'block in DashboardController#statistics'
  [1m[36mUser Load (0.2ms)[0m  [1m[34mSELECT "users".* FROM "users" WHERE "users"."id" = 6 LIMIT 1 /*action='statistics',application='Q224',controller='dashboard'*/[0m
  ↳ app/controllers/dashboard_controller.rb:34:in 'block in DashboardController#statistics'
  [1m[36mUser Load (0.2ms)[0m  [1m[34mSELECT "users".* FROM "users" WHERE "users"."id" = 7 LIMIT 1 /*action='statistics',application='Q224',controller='dashboard'*/[0m
  ↳ app/controllers/dashboard_controller.rb:34:in 'block in DashboardController#statistics'
  [1m[36mUser Load (0.2ms)[0m  [1m[34mSELECT "users".* FROM "users" WHERE "users"."id" = 8 LIMIT 1 /*action='statistics',application='Q224',controller='dashboard'*/[0m
  ↳ app/controllers/dashboard_controller.rb:34:in 'block in DashboardController#statistics'
  [1m[36mGradeCorrection Pluck (0.4ms)[0m  [1m[34mSELECT corrected_score - original_score FROM "grade_corrections" WHERE "grade_corrections"."corrected_score" IS NOT NULL AND "grade_corrections"."original_score" IS NOT NULL /*action='statistics',application='Q224',controller='dashboard'*/[0m
  ↳ app/controllers/dashboard_controller.rb:38:in 'DashboardController#statistics'
  [1m[36mGradeCorrection Pluck (0.1ms)[0m  [1m[34mSELECT "grade_corrections"."amount" FROM "grade_corrections" /*action='statistics',application='Q224',controller='dashboard'*/[0m
  ↳ app/controllers/dashboard_controller.rb:46:in 'DashboardController#statistics'
  [1m[36mGradeCorrection Pluck (0.8ms)[0m  [1m[34mSELECT EXTRACT(EPOCH FROM (MAX(processing_nodes.created_at) - MIN(processing_nodes.created_at))) / 3600 FROM "grade_corrections" INNER JOIN "processing_nodes" ON "processing_nodes"."grade_correction_id" = "grade_corrections"."id" WHERE "grade_corrections"."status" = 'archived' AND "processing_nodes"."node_type" IN ('accept', 'approve') GROUP BY "grade_corrections"."id" /*action='statistics',application='Q224',controller='dashboard'*/[0m
  ↳ app/controllers/dashboard_controller.rb:54:in 'DashboardController#statistics'
  [1m[36mDiffRecord Count (0.5ms)[0m  [1m[34mSELECT COUNT(*) AS "count_all", "diff_records"."field_name" AS "diff_records_field_name" FROM "diff_records" GROUP BY "diff_records"."field_name" /*action='statistics',application='Q224',controller='dashboard'*/[0m
  ↳ app/controllers/dashboard_controller.rb:59:in 'DashboardController#statistics'
  Rendering layout layouts/application.html.erb
  Rendering dashboard/statistics.html.erb within layouts/application
  Rendered dashboard/statistics.html.erb within layouts/application (Duration: 5.8ms | GC: 3.1ms)
  [1m[36mUser Count (0.3ms)[0m  [1m[34mSELECT COUNT(*) FROM "users" /*action='statistics',application='Q224',controller='dashboard'*/[0m
  ↳ app/views/layouts/application.html.erb:71
  [1m[36mUser Load (0.2ms)[0m  [1m[34mSELECT "users".* FROM "users" WHERE "users"."id" != 5 /*action='statistics',application='Q224',controller='dashboard'*/[0m
  ↳ app/views/layouts/application.html.erb:88
  Rendered layout layouts/application.html.erb (Duration: 11.3ms | GC: 5.9ms)
Completed 200 OK in 38ms (Views: 11.1ms | ActiveRecord: 8.0ms (22 queries, 1 cached) | GC: 11.6ms)


Started GET "/" for 127.0.0.1 at 2026-06-13 07:24:03 +0800
Processing by DashboardController#index as */*
  [1m[36mUser Load (1.1ms)[0m  [1m[34mSELECT "users".* FROM "users" WHERE "users"."id" = 5 LIMIT 1 /*action='index',application='Q224',controller='dashboard'*/[0m
  ↳ app/controllers/application_controller.rb:13:in 'ApplicationController#current_user'
  [1m[36mGradeCorrection Count (0.5ms)[0m  [1m[34mSELECT COUNT(*) FROM "grade_corrections" /*action='index',application='Q224',controller='dashboard'*/[0m
  ↳ app/models/grade_correction.rb:126:in 'GradeCorrection.statistics'
  [1m[36mGradeCorrection Count (0.4ms)[0m  [1m[34mSELECT COUNT(*) FROM "grade_corrections" WHERE "grade_corrections"."status" = 'pending' /*action='index',application='Q224',controller='dashboard'*/[0m
  ↳ app/models/grade_correction.rb:127:in 'GradeCorrection.statistics'
  [1m[36mGradeCorrection Count (0.4ms)[0m  [1m[34mSELECT COUNT(*) FROM "grade_corrections" WHERE "grade_corrections"."status" = 'processing' /*action='index',application='Q224',controller='dashboard'*/[0m
  ↳ app/models/grade_correction.rb:128:in 'GradeCorrection.statistics'
  [1m[36mGradeCorrection Count (0.3ms)[0m  [1m[34mSELECT COUNT(*) FROM "grade_corrections" WHERE "grade_corrections"."status" = 'reviewing' /*action='index',application='Q224',controller='dashboard'*/[0m
  ↳ app/models/grade_correction.rb:129:in 'GradeCorrection.statistics'
  [1m[36mGradeCorrection Count (0.4ms)[0m  [1m[34mSELECT COUNT(*) FROM "grade_corrections" WHERE "grade_corrections"."status" = 'archived' /*action='index',application='Q224',controller='dashboard'*/[0m
  ↳ app/models/grade_correction.rb:130:in 'GradeCorrection.statistics'
  [1m[36mGradeCorrection Count (0.3ms)[0m  [1m[34mSELECT COUNT(*) FROM "grade_corrections" WHERE "grade_corrections"."status" = 'rejected' /*action='index',application='Q224',controller='dashboard'*/[0m
  ↳ app/models/grade_correction.rb:131:in 'GradeCorrection.statistics'
  [1m[36mGradeCorrection Count (0.2ms)[0m  [1m[34mSELECT COUNT(*) FROM "grade_corrections" WHERE "grade_corrections"."status" = 'returned' /*action='index',application='Q224',controller='dashboard'*/[0m
  ↳ app/models/grade_correction.rb:132:in 'GradeCorrection.statistics'
  [1m[36mGradeCorrection Count (1.8ms)[0m  [1m[34mSELECT COUNT(*) FROM "grade_corrections" WHERE "grade_corrections"."block_reason" IS NOT NULL /*action='index',application='Q224',controller='dashboard'*/[0m
  ↳ app/models/grade_correction.rb:133:in 'GradeCorrection.statistics'
  [1m[36mGradeCorrection Count (0.4ms)[0m  [1m[34mSELECT COUNT(*) FROM "grade_corrections" WHERE "grade_corrections"."notification_confirmed" = FALSE /*action='index',application='Q224',controller='dashboard'*/[0m
  ↳ app/models/grade_correction.rb:134:in 'GradeCorrection.statistics'
  [1m[36mGradeCorrection Pluck (3.3ms)[0m  [1m[34mSELECT EXTRACT(DAY FROM MIN(processing_nodes.created_at) - grade_corrections.created_at) FROM "grade_corrections" INNER JOIN "processing_nodes" ON "processing_nodes"."grade_correction_id" = "grade_corrections"."id" WHERE "grade_corrections"."status" = 'archived' GROUP BY "grade_corrections"."id" /*action='index',application='Q224',controller='dashboard'*/[0m
  ↳ app/models/grade_correction.rb:148:in 'GradeCorrection.calculate_average_processing_days'
  [1m[36mCACHE GradeCorrection Count (0.0ms)[0m  [1m[34mSELECT COUNT(*) FROM "grade_corrections"[0m
  ↳ app/models/simple_paginator.rb:8:in 'SimplePaginator#initialize'
Completed 500 Internal Server Error in 41ms (ActiveRecord: 9.5ms (12 queries, 1 cached) | GC: 17.2ms)


  
NoMethodError (undefined method 'group_by_month' for an instance of ActiveRecord::Relation):
  
app/models/grade_correction.rb:141:in 'GradeCorrection.monthly_statistics'
app/controllers/dashboard_controller.rb:10:in 'DashboardController#index'
Started GET "/dashboard" for 127.0.0.1 at 2026-06-13 07:25:13 +0800
  [1m[36mActiveRecord::SchemaMigration Load (2.2ms)[0m  [1m[34mSELECT "schema_migrations"."version" FROM "schema_migrations" ORDER BY "schema_migrations"."version" ASC /*application='Q224'*/[0m
Processing by DashboardController#index as */*
  [1m[36mUser Load (0.4ms)[0m  [1m[34mSELECT "users".* FROM "users" WHERE "users"."id" = 5 LIMIT 1 /*action='index',application='Q224',controller='dashboard'*/[0m
  ↳ app/controllers/application_controller.rb:13:in 'ApplicationController#current_user'
  [1m[36mGradeCorrection Count (2.1ms)[0m  [1m[34mSELECT COUNT(*) FROM "grade_corrections" /*action='index',application='Q224',controller='dashboard'*/[0m
  ↳ app/models/grade_correction.rb:126:in 'GradeCorrection.statistics'
  [1m[36mGradeCorrection Count (0.4ms)[0m  [1m[34mSELECT COUNT(*) FROM "grade_corrections" WHERE "grade_corrections"."status" = 'pending' /*action='index',application='Q224',controller='dashboard'*/[0m
  ↳ app/models/grade_correction.rb:127:in 'GradeCorrection.statistics'
  [1m[36mGradeCorrection Count (0.1ms)[0m  [1m[34mSELECT COUNT(*) FROM "grade_corrections" WHERE "grade_corrections"."status" = 'processing' /*action='index',application='Q224',controller='dashboard'*/[0m
  ↳ app/models/grade_correction.rb:128:in 'GradeCorrection.statistics'
  [1m[36mGradeCorrection Count (0.1ms)[0m  [1m[34mSELECT COUNT(*) FROM "grade_corrections" WHERE "grade_corrections"."status" = 'reviewing' /*action='index',application='Q224',controller='dashboard'*/[0m
  ↳ app/models/grade_correction.rb:129:in 'GradeCorrection.statistics'
  [1m[36mGradeCorrection Count (0.1ms)[0m  [1m[34mSELECT COUNT(*) FROM "grade_corrections" WHERE "grade_corrections"."status" = 'archived' /*action='index',application='Q224',controller='dashboard'*/[0m
  ↳ app/models/grade_correction.rb:130:in 'GradeCorrection.statistics'
  [1m[36mGradeCorrection Count (0.1ms)[0m  [1m[34mSELECT COUNT(*) FROM "grade_corrections" WHERE "grade_corrections"."status" = 'rejected' /*action='index',application='Q224',controller='dashboard'*/[0m
  ↳ app/models/grade_correction.rb:131:in 'GradeCorrection.statistics'
  [1m[36mGradeCorrection Count (0.1ms)[0m  [1m[34mSELECT COUNT(*) FROM "grade_corrections" WHERE "grade_corrections"."status" = 'returned' /*action='index',application='Q224',controller='dashboard'*/[0m
  ↳ app/models/grade_correction.rb:132:in 'GradeCorrection.statistics'
  [1m[36mGradeCorrection Count (0.1ms)[0m  [1m[34mSELECT COUNT(*) FROM "grade_corrections" WHERE "grade_corrections"."block_reason" IS NOT NULL /*action='index',application='Q224',controller='dashboard'*/[0m
  ↳ app/models/grade_correction.rb:133:in 'GradeCorrection.statistics'
  [1m[36mGradeCorrection Count (0.1ms)[0m  [1m[34mSELECT COUNT(*) FROM "grade_corrections" WHERE "grade_corrections"."notification_confirmed" = FALSE /*action='index',application='Q224',controller='dashboard'*/[0m
  ↳ app/models/grade_correction.rb:134:in 'GradeCorrection.statistics'
  [1m[36mGradeCorrection Pluck (1.1ms)[0m  [1m[34mSELECT EXTRACT(DAY FROM MIN(processing_nodes.created_at) - grade_corrections.created_at) FROM "grade_corrections" INNER JOIN "processing_nodes" ON "processing_nodes"."grade_correction_id" = "grade_corrections"."id" WHERE "grade_corrections"."status" = 'archived' GROUP BY "grade_corrections"."id" /*action='index',application='Q224',controller='dashboard'*/[0m
  ↳ app/models/grade_correction.rb:148:in 'GradeCorrection.calculate_average_processing_days'
  [1m[36mCACHE GradeCorrection Count (0.0ms)[0m  [1m[34mSELECT COUNT(*) FROM "grade_corrections"[0m
  ↳ app/models/simple_paginator.rb:8:in 'SimplePaginator#initialize'
  [1m[36mGradeCorrection Count (4.5ms)[0m  [1m[34mSELECT COUNT(*) AS "count_all", DATE_TRUNC('month', "grade_corrections"."created_at"::timestamptz AT TIME ZONE 'Etc/UTC')::date AS "date_trunc_month_grade_corrections_created_at_timestamptz_at_ti" FROM "grade_corrections" WHERE "grade_corrections"."created_at" BETWEEN '2025-12-12 23:25:14.287833' AND '2026-06-12 23:25:14.287935' AND ("grade_corrections"."created_at" IS NOT NULL) GROUP BY DATE_TRUNC('month', "grade_corrections"."created_at"::timestamptz AT TIME ZONE 'Etc/UTC')::date /*action='index',application='Q224',controller='dashboard'*/[0m
  ↳ app/models/grade_correction.rb:142:in 'GradeCorrection.monthly_statistics'
  Rendering layout layouts/application.html.erb
  Rendering dashboard/index.html.erb within layouts/application
  Rendered dashboard/_statistics.html.erb (Duration: 0.8ms | GC: 0.0ms)
  [1m[36mGradeCorrection Load (0.8ms)[0m  [1m[34mSELECT "grade_corrections".* FROM "grade_corrections" ORDER BY "grade_corrections"."created_at" DESC LIMIT 10 OFFSET 0 /*action='index',application='Q224',controller='dashboard'*/[0m
  ↳ app/views/dashboard/index.html.erb:29
  [1m[36mUser Load (0.4ms)[0m  [1m[34mSELECT "users".* FROM "users" WHERE "users"."id" IN (8, 7, 5, 6) /*action='index',application='Q224',controller='dashboard'*/[0m
  ↳ app/views/dashboard/index.html.erb:29
  [1m[36mProcessingNode Load (0.4ms)[0m  [1m[34mSELECT "processing_nodes".* FROM "processing_nodes" WHERE "processing_nodes"."grade_correction_id" IN (16, 15, 14, 13, 12, 11, 10) ORDER BY "processing_nodes"."created_at" ASC /*action='index',application='Q224',controller='dashboard'*/[0m
  ↳ app/views/dashboard/index.html.erb:29
  Rendered grade_corrections/_grade_correction.html.erb (Duration: 8.6ms | GC: 0.0ms)
  Rendered grade_corrections/_grade_correction.html.erb (Duration: 0.2ms | GC: 0.0ms)
  Rendered grade_corrections/_grade_correction.html.erb (Duration: 0.1ms | GC: 0.0ms)
  Rendered grade_corrections/_grade_correction.html.erb (Duration: 0.3ms | GC: 0.0ms)
  Rendered grade_corrections/_grade_correction.html.erb (Duration: 0.1ms | GC: 0.0ms)
  Rendered grade_corrections/_grade_correction.html.erb (Duration: 0.1ms | GC: 0.0ms)
  Rendered grade_corrections/_grade_correction.html.erb (Duration: 0.1ms | GC: 0.0ms)
  Rendered dashboard/index.html.erb within layouts/application (Duration: 50.5ms | GC: 0.0ms)
  [1m[36mUser Count (0.7ms)[0m  [1m[34mSELECT COUNT(*) FROM "users" /*action='index',application='Q224',controller='dashboard'*/[0m
  ↳ app/views/layouts/application.html.erb:71
  [1m[36mUser Load (0.4ms)[0m  [1m[34mSELECT "users".* FROM "users" WHERE "users"."id" != 5 /*action='index',application='Q224',controller='dashboard'*/[0m
  ↳ app/views/layouts/application.html.erb:88
  Rendered layout layouts/application.html.erb (Duration: 64.6ms | GC: 0.0ms)
Completed 200 OK in 166ms (Views: 78.1ms | ActiveRecord: 42.4ms (18 queries, 1 cached) | GC: 0.0ms)


Started GET "/grade_corrections" for 127.0.0.1 at 2026-06-13 07:25:27 +0800
Processing by GradeCorrectionsController#index as */*
  [1m[36mUser Load (0.8ms)[0m  [1m[34mSELECT "users".* FROM "users" WHERE "users"."id" = 5 LIMIT 1 /*action='index',application='Q224',controller='grade_corrections'*/[0m
  ↳ app/controllers/application_controller.rb:13:in 'ApplicationController#current_user'
  [1m[36mGradeCorrection Count (0.3ms)[0m  [1m[34mSELECT COUNT(*) FROM "grade_corrections" /*action='index',application='Q224',controller='grade_corrections'*/[0m
  ↳ app/models/simple_paginator.rb:8:in 'SimplePaginator#initialize'
  Rendering layout layouts/application.html.erb
  Rendering grade_corrections/index.html.erb within layouts/application
  [1m[36mCACHE GradeCorrection Count (0.0ms)[0m  [1m[34mSELECT COUNT(*) FROM "grade_corrections"[0m
  ↳ app/models/grade_correction.rb:126:in 'GradeCorrection.statistics'
  [1m[36mGradeCorrection Count (0.2ms)[0m  [1m[34mSELECT COUNT(*) FROM "grade_corrections" WHERE "grade_corrections"."status" = 'pending' /*action='index',application='Q224',controller='grade_corrections'*/[0m
  ↳ app/models/grade_correction.rb:127:in 'GradeCorrection.statistics'
  [1m[36mGradeCorrection Count (0.1ms)[0m  [1m[34mSELECT COUNT(*) FROM "grade_corrections" WHERE "grade_corrections"."status" = 'processing' /*action='index',application='Q224',controller='grade_corrections'*/[0m
  ↳ app/models/grade_correction.rb:128:in 'GradeCorrection.statistics'
  [1m[36mGradeCorrection Count (0.1ms)[0m  [1m[34mSELECT COUNT(*) FROM "grade_corrections" WHERE "grade_corrections"."status" = 'reviewing' /*action='index',application='Q224',controller='grade_corrections'*/[0m
  ↳ app/models/grade_correction.rb:129:in 'GradeCorrection.statistics'
  [1m[36mGradeCorrection Count (0.1ms)[0m  [1m[34mSELECT COUNT(*) FROM "grade_corrections" WHERE "grade_corrections"."status" = 'archived' /*action='index',application='Q224',controller='grade_corrections'*/[0m
  ↳ app/models/grade_correction.rb:130:in 'GradeCorrection.statistics'
  [1m[36mGradeCorrection Count (0.1ms)[0m  [1m[34mSELECT COUNT(*) FROM "grade_corrections" WHERE "grade_corrections"."status" = 'rejected' /*action='index',application='Q224',controller='grade_corrections'*/[0m
  ↳ app/models/grade_correction.rb:131:in 'GradeCorrection.statistics'
  [1m[36mGradeCorrection Count (0.1ms)[0m  [1m[34mSELECT COUNT(*) FROM "grade_corrections" WHERE "grade_corrections"."status" = 'returned' /*action='index',application='Q224',controller='grade_corrections'*/[0m
  ↳ app/models/grade_correction.rb:132:in 'GradeCorrection.statistics'
  [1m[36mGradeCorrection Count (0.1ms)[0m  [1m[34mSELECT COUNT(*) FROM "grade_corrections" WHERE "grade_corrections"."block_reason" IS NOT NULL /*action='index',application='Q224',controller='grade_corrections'*/[0m
  ↳ app/models/grade_correction.rb:133:in 'GradeCorrection.statistics'
  [1m[36mGradeCorrection Count (0.1ms)[0m  [1m[34mSELECT COUNT(*) FROM "grade_corrections" WHERE "grade_corrections"."notification_confirmed" = FALSE /*action='index',application='Q224',controller='grade_corrections'*/[0m
  ↳ app/models/grade_correction.rb:134:in 'GradeCorrection.statistics'
  [1m[36mGradeCorrection Pluck (0.6ms)[0m  [1m[34mSELECT EXTRACT(DAY FROM MIN(processing_nodes.created_at) - grade_corrections.created_at) FROM "grade_corrections" INNER JOIN "processing_nodes" ON "processing_nodes"."grade_correction_id" = "grade_corrections"."id" WHERE "grade_corrections"."status" = 'archived' GROUP BY "grade_corrections"."id" /*action='index',application='Q224',controller='grade_corrections'*/[0m
  ↳ app/models/grade_correction.rb:148:in 'GradeCorrection.calculate_average_processing_days'
  Rendered dashboard/_statistics.html.erb (Duration: 0.3ms | GC: 0.0ms)
  Rendered grade_corrections/index.html.erb within layouts/application (Duration: 12.6ms | GC: 1.4ms)
  Rendered layout layouts/application.html.erb (Duration: 12.7ms | GC: 1.4ms)
Completed 500 Internal Server Error in 50ms (ActiveRecord: 2.6ms (12 queries, 1 cached) | GC: 27.4ms)


  
ActionView::Template::Error (Ransack needs GradeCorrection attributes explicitly allowlisted as
searchable. Define a `ransackable_attributes` class method in your `GradeCorrection`
model, watching out for items you DON'T want searchable (for
example, `encrypted_password`, `password_reset_token`, `owner` or
other sensitive information). You can use the following as a base:

```ruby
class GradeCorrection < ApplicationRecord

  # ...

  def self.ransackable_attributes(auth_object = nil)
    ["amount", "applicant", "application_date", "application_no", "application_reason", "block_reason", "conclusion", "corrected_score", "course_code", "course_name", "created_at", "critical_time", "current_owner_id", "evidence_conclusion", "id", "id_value", "notification_confirmed", "original_score", "remedy_path", "responsible_party", "source", "status", "student_id", "student_name", "updated_at"]
  end

  # ...

end
```
)
Caused by: RuntimeError (Ransack needs GradeCorrection attributes explicitly allowlisted as
searchable. Define a `ransackable_attributes` class method in your `GradeCorrection`
model, watching out for items you DON'T want searchable (for
example, `encrypted_password`, `password_reset_token`, `owner` or
other sensitive information). You can use the following as a base:

```ruby
class GradeCorrection < ApplicationRecord

  # ...

  def self.ransackable_attributes(auth_object = nil)
    ["amount", "applicant", "application_date", "application_no", "application_reason", "block_reason", "conclusion", "corrected_score", "course_code", "course_name", "created_at", "critical_time", "current_owner_id", "evidence_conclusion", "id", "id_value", "notification_confirmed", "original_score", "remedy_path", "responsible_party", "source", "status", "student_id", "student_name", "updated_at"]
  end

  # ...

end
```
)

Information for: ActionView::Template::Error (Ransack needs GradeCorrection attributes explicitly allowlisted as
searchable. Define a `ransackable_attributes` class method in your `GradeCorrection`
model, watching out for items you DON'T want searchable (for
example, `encrypted_password`, `password_reset_token`, `owner` or
other sensitive information). You can use the following as a base:

```ruby
class GradeCorrection < ApplicationRecord

  # ...

  def self.ransackable_attributes(auth_object = nil)
    ["amount", "applicant", "application_date", "application_no", "application_reason", "block_reason", "conclusion", "corrected_score", "course_code", "course_name", "created_at", "critical_time", "current_owner_id", "evidence_conclusion", "id", "id_value", "notification_confirmed", "original_score", "remedy_path", "responsible_party", "source", "status", "student_id", "student_name", "updated_at"]
  end

  # ...

end
```
):
    24:           <div>
    25:             <%= f.label :application_no_or_student_name_or_student_id_or_course_name_cont, '关键字搜索', class: 'block text-sm font-medium text-gray-700' %>
    26:             <%= f.search_field :application_no_or_student_name_or_student_id_or_course_name_cont, class: 'mt-1 block w-full rounded-md border-gray-300 shadow-sm focus:border-blue-500 focus:ring-blue-500 sm:text-sm', placeholder: '申请号/姓名/学号/课程' %>
    27:           </div>
    28:           <div>
    29:             <%= f.label :status_eq, '状态', class: 'block text-sm font-medium text-gray-700' %>
    30:             <%= f.select :status_eq, GradeCorrection.aasm.states.map { |s| [GradeCorrection.status_i18n(s.name), s.name.to_s] }, { include_blank: '全部' }, class: 'mt-1 block w-full rounded-md border-gray-300 shadow-sm focus:border-blue-500 focus:ring-blue-500 sm:text-sm' %>
  
app/views/grade_corrections/index.html.erb:27
app/views/grade_corrections/index.html.erb:23

Information for cause: RuntimeError (Ransack needs GradeCorrection attributes explicitly allowlisted as
searchable. Define a `ransackable_attributes` class method in your `GradeCorrection`
model, watching out for items you DON'T want searchable (for
example, `encrypted_password`, `password_reset_token`, `owner` or
other sensitive information). You can use the following as a base:

```ruby
class GradeCorrection < ApplicationRecord

  # ...

  def self.ransackable_attributes(auth_object = nil)
    ["amount", "applicant", "application_date", "application_no", "application_reason", "block_reason", "conclusion", "corrected_score", "course_code", "course_name", "created_at", "critical_time", "current_owner_id", "evidence_conclusion", "id", "id_value", "notification_confirmed", "original_score", "remedy_path", "responsible_party", "source", "status", "student_id", "student_name", "updated_at"]
  end

  # ...

end
```
):
  
app/views/grade_corrections/index.html.erb:27
app/views/grade_corrections/index.html.erb:23
Started GET "/dashboard/review" for 127.0.0.1 at 2026-06-13 07:25:27 +0800
Processing by DashboardController#review as */*
  [1m[36mUser Load (0.4ms)[0m  [1m[34mSELECT "users".* FROM "users" WHERE "users"."id" = 5 LIMIT 1 /*action='review',application='Q224',controller='dashboard'*/[0m
  ↳ app/controllers/application_controller.rb:13:in 'ApplicationController#current_user'
  [1m[36mGradeCorrection Count (0.2ms)[0m  [1m[34mSELECT COUNT(*) FROM "grade_corrections" /*action='review',application='Q224',controller='dashboard'*/[0m
  ↳ app/models/grade_correction.rb:126:in 'GradeCorrection.statistics'
  [1m[36mGradeCorrection Count (0.1ms)[0m  [1m[34mSELECT COUNT(*) FROM "grade_corrections" WHERE "grade_corrections"."status" = 'pending' /*action='review',application='Q224',controller='dashboard'*/[0m
  ↳ app/models/grade_correction.rb:127:in 'GradeCorrection.statistics'
  [1m[36mGradeCorrection Count (0.1ms)[0m  [1m[34mSELECT COUNT(*) FROM "grade_corrections" WHERE "grade_corrections"."status" = 'processing' /*action='review',application='Q224',controller='dashboard'*/[0m
  ↳ app/models/grade_correction.rb:128:in 'GradeCorrection.statistics'
  [1m[36mGradeCorrection Count (0.1ms)[0m  [1m[34mSELECT COUNT(*) FROM "grade_corrections" WHERE "grade_corrections"."status" = 'reviewing' /*action='review',application='Q224',controller='dashboard'*/[0m
  ↳ app/models/grade_correction.rb:129:in 'GradeCorrection.statistics'
  [1m[36mGradeCorrection Count (0.2ms)[0m  [1m[34mSELECT COUNT(*) FROM "grade_corrections" WHERE "grade_corrections"."status" = 'archived' /*action='review',application='Q224',controller='dashboard'*/[0m
  ↳ app/models/grade_correction.rb:130:in 'GradeCorrection.statistics'
  [1m[36mGradeCorrection Count (0.1ms)[0m  [1m[34mSELECT COUNT(*) FROM "grade_corrections" WHERE "grade_corrections"."status" = 'rejected' /*action='review',application='Q224',controller='dashboard'*/[0m
  ↳ app/models/grade_correction.rb:131:in 'GradeCorrection.statistics'
  [1m[36mGradeCorrection Count (0.1ms)[0m  [1m[34mSELECT COUNT(*) FROM "grade_corrections" WHERE "grade_corrections"."status" = 'returned' /*action='review',application='Q224',controller='dashboard'*/[0m
  ↳ app/models/grade_correction.rb:132:in 'GradeCorrection.statistics'
  [1m[36mGradeCorrection Count (0.1ms)[0m  [1m[34mSELECT COUNT(*) FROM "grade_corrections" WHERE "grade_corrections"."block_reason" IS NOT NULL /*action='review',application='Q224',controller='dashboard'*/[0m
  ↳ app/models/grade_correction.rb:133:in 'GradeCorrection.statistics'
  [1m[36mGradeCorrection Count (0.2ms)[0m  [1m[34mSELECT COUNT(*) FROM "grade_corrections" WHERE "grade_corrections"."notification_confirmed" = FALSE /*action='review',application='Q224',controller='dashboard'*/[0m
  ↳ app/models/grade_correction.rb:134:in 'GradeCorrection.statistics'
  [1m[36mGradeCorrection Pluck (0.4ms)[0m  [1m[34mSELECT EXTRACT(DAY FROM MIN(processing_nodes.created_at) - grade_corrections.created_at) FROM "grade_corrections" INNER JOIN "processing_nodes" ON "processing_nodes"."grade_correction_id" = "grade_corrections"."id" WHERE "grade_corrections"."status" = 'archived' GROUP BY "grade_corrections"."id" /*action='review',application='Q224',controller='dashboard'*/[0m
  ↳ app/models/grade_correction.rb:148:in 'GradeCorrection.calculate_average_processing_days'
  Rendering layout layouts/application.html.erb
  Rendering dashboard/review.html.erb within layouts/application
  Rendered dashboard/_statistics.html.erb (Duration: 0.3ms | GC: 0.0ms)
  [1m[36mCACHE GradeCorrection Count (0.0ms)[0m  [1m[34mSELECT COUNT(*) FROM "grade_corrections" WHERE "grade_corrections"."status" = 'processing'[0m
  ↳ app/views/dashboard/review.html.erb:16
  [1m[36mGradeCorrection Exists? (0.2ms)[0m  [1m[34mSELECT 1 AS one FROM "grade_corrections" WHERE "grade_corrections"."status" = 'processing' LIMIT 1 /*action='review',application='Q224',controller='dashboard'*/[0m
  ↳ app/views/dashboard/review.html.erb:20
  [1m[36mGradeCorrection Load (0.1ms)[0m  [1m[34mSELECT "grade_corrections".* FROM "grade_corrections" WHERE "grade_corrections"."status" = 'processing' /*action='review',application='Q224',controller='dashboard'*/[0m
  ↳ app/views/dashboard/review.html.erb:21
  [1m[36mUser Load (0.1ms)[0m  [1m[34mSELECT "users".* FROM "users" WHERE "users"."id" = 7 /*action='review',application='Q224',controller='dashboard'*/[0m
  ↳ app/views/dashboard/review.html.erb:21
  [1m[36mProcessingNode Load (0.2ms)[0m  [1m[34mSELECT "processing_nodes".* FROM "processing_nodes" WHERE "processing_nodes"."grade_correction_id" = 13 ORDER BY "processing_nodes"."created_at" ASC /*action='review',application='Q224',controller='dashboard'*/[0m
  ↳ app/views/dashboard/review.html.erb:21
  [1m[36mCACHE GradeCorrection Count (0.0ms)[0m  [1m[34mSELECT COUNT(*) FROM "grade_corrections" WHERE "grade_corrections"."status" = 'reviewing'[0m
  ↳ app/views/dashboard/review.html.erb:59
  [1m[36mGradeCorrection Exists? (0.2ms)[0m  [1m[34mSELECT 1 AS one FROM "grade_corrections" WHERE "grade_corrections"."status" = 'reviewing' LIMIT 1 /*action='review',application='Q224',controller='dashboard'*/[0m
  ↳ app/views/dashboard/review.html.erb:63
  [1m[36mGradeCorrection Load (0.2ms)[0m  [1m[34mSELECT "grade_corrections".* FROM "grade_corrections" WHERE "grade_corrections"."status" = 'reviewing' /*action='review',application='Q224',controller='dashboard'*/[0m
  ↳ app/views/dashboard/review.html.erb:64
  [1m[36mUser Load (0.4ms)[0m  [1m[34mSELECT "users".* FROM "users" WHERE "users"."id" = 8 /*action='review',application='Q224',controller='dashboard'*/[0m
  ↳ app/views/dashboard/review.html.erb:64
  [1m[36mProcessingNode Load (0.3ms)[0m  [1m[34mSELECT "processing_nodes".* FROM "processing_nodes" WHERE "processing_nodes"."grade_correction_id" = 16 ORDER BY "processing_nodes"."created_at" ASC /*action='review',application='Q224',controller='dashboard'*/[0m
  ↳ app/views/dashboard/review.html.erb:64
  [1m[36mCACHE GradeCorrection Count (0.0ms)[0m  [1m[34mSELECT COUNT(*) FROM "grade_corrections" WHERE "grade_corrections"."status" = 'returned'[0m
  ↳ app/views/dashboard/review.html.erb:110
  [1m[36mGradeCorrection Exists? (0.2ms)[0m  [1m[34mSELECT 1 AS one FROM "grade_corrections" WHERE "grade_corrections"."status" = 'returned' LIMIT 1 /*action='review',application='Q224',controller='dashboard'*/[0m
  ↳ app/views/dashboard/review.html.erb:114
  [1m[36mGradeCorrection Load (0.2ms)[0m  [1m[34mSELECT "grade_corrections".* FROM "grade_corrections" WHERE "grade_corrections"."status" = 'returned' /*action='review',application='Q224',controller='dashboard'*/[0m
  ↳ app/views/dashboard/review.html.erb:115
  [1m[36mUser Load (0.2ms)[0m  [1m[34mSELECT "users".* FROM "users" WHERE "users"."id" = 5 /*action='review',application='Q224',controller='dashboard'*/[0m
  ↳ app/views/dashboard/review.html.erb:115
  [1m[36mProcessingNode Load (0.2ms)[0m  [1m[34mSELECT "processing_nodes".* FROM "processing_nodes" WHERE "processing_nodes"."grade_correction_id" = 12 ORDER BY "processing_nodes"."created_at" ASC /*action='review',application='Q224',controller='dashboard'*/[0m
  ↳ app/views/dashboard/review.html.erb:115
  Rendered dashboard/review.html.erb within layouts/application (Duration: 11.5ms | GC: 0.2ms)
  [1m[36mUser Count (0.2ms)[0m  [1m[34mSELECT COUNT(*) FROM "users" /*action='review',application='Q224',controller='dashboard'*/[0m
  ↳ app/views/layouts/application.html.erb:71
  [1m[36mUser Load (0.1ms)[0m  [1m[34mSELECT "users".* FROM "users" WHERE "users"."id" != 5 /*action='review',application='Q224',controller='dashboard'*/[0m
  ↳ app/views/layouts/application.html.erb:88
  Rendered layout layouts/application.html.erb (Duration: 13.6ms | GC: 0.3ms)
Completed 200 OK in 22ms (Views: 11.3ms | ActiveRecord: 4.8ms (28 queries, 3 cached) | GC: 0.5ms)


Started GET "/dashboard/statistics" for 127.0.0.1 at 2026-06-13 07:25:28 +0800
Processing by DashboardController#statistics as */*
  [1m[36mUser Load (0.3ms)[0m  [1m[34mSELECT "users".* FROM "users" WHERE "users"."id" = 5 LIMIT 1 /*action='statistics',application='Q224',controller='dashboard'*/[0m
  ↳ app/controllers/application_controller.rb:13:in 'ApplicationController#current_user'
  [1m[36mGradeCorrection Count (0.3ms)[0m  [1m[34mSELECT COUNT(*) FROM "grade_corrections" WHERE "grade_corrections"."status" = 'pending' /*action='statistics',application='Q224',controller='dashboard'*/[0m
  ↳ app/controllers/dashboard_controller.rb:21:in 'DashboardController#statistics'
  [1m[36mGradeCorrection Count (0.2ms)[0m  [1m[34mSELECT COUNT(*) FROM "grade_corrections" WHERE "grade_corrections"."status" = 'processing' /*action='statistics',application='Q224',controller='dashboard'*/[0m
  ↳ app/controllers/dashboard_controller.rb:22:in 'DashboardController#statistics'
  [1m[36mGradeCorrection Count (0.2ms)[0m  [1m[34mSELECT COUNT(*) FROM "grade_corrections" WHERE "grade_corrections"."status" = 'reviewing' /*action='statistics',application='Q224',controller='dashboard'*/[0m
  ↳ app/controllers/dashboard_controller.rb:23:in 'DashboardController#statistics'
  [1m[36mGradeCorrection Count (0.1ms)[0m  [1m[34mSELECT COUNT(*) FROM "grade_corrections" WHERE "grade_corrections"."status" = 'archived' /*action='statistics',application='Q224',controller='dashboard'*/[0m
  ↳ app/controllers/dashboard_controller.rb:24:in 'DashboardController#statistics'
  [1m[36mGradeCorrection Count (0.1ms)[0m  [1m[34mSELECT COUNT(*) FROM "grade_corrections" WHERE "grade_corrections"."status" = 'rejected' /*action='statistics',application='Q224',controller='dashboard'*/[0m
  ↳ app/controllers/dashboard_controller.rb:25:in 'DashboardController#statistics'
  [1m[36mGradeCorrection Count (0.1ms)[0m  [1m[34mSELECT COUNT(*) FROM "grade_corrections" WHERE "grade_corrections"."status" = 'returned' /*action='statistics',application='Q224',controller='dashboard'*/[0m
  ↳ app/controllers/dashboard_controller.rb:26:in 'DashboardController#statistics'
  [1m[36mGradeCorrection Count (0.1ms)[0m  [1m[34mSELECT COUNT(*) FROM "grade_corrections" WHERE "grade_corrections"."notification_confirmed" = FALSE /*action='statistics',application='Q224',controller='dashboard'*/[0m
  ↳ app/controllers/dashboard_controller.rb:27:in 'DashboardController#statistics'
  [1m[36mGradeCorrection Count (0.1ms)[0m  [1m[34mSELECT COUNT(*) FROM "grade_corrections" WHERE "grade_corrections"."block_reason" IS NOT NULL /*action='statistics',application='Q224',controller='dashboard'*/[0m
  ↳ app/controllers/dashboard_controller.rb:28:in 'DashboardController#statistics'
  [1m[36mGradeCorrection Count (1.0ms)[0m  [1m[34mSELECT COUNT(*) AS "count_all", "grade_corrections"."source" AS "grade_corrections_source" FROM "grade_corrections" GROUP BY "grade_corrections"."source" /*action='statistics',application='Q224',controller='dashboard'*/[0m
  ↳ app/controllers/dashboard_controller.rb:30:in 'DashboardController#statistics'
  [1m[36mGradeCorrection Count (0.1ms)[0m  [1m[34mSELECT COUNT(*) AS "count_all", "grade_corrections"."evidence_conclusion" AS "grade_corrections_evidence_conclusion" FROM "grade_corrections" GROUP BY "grade_corrections"."evidence_conclusion" /*action='statistics',application='Q224',controller='dashboard'*/[0m
  ↳ app/controllers/dashboard_controller.rb:31:in 'DashboardController#statistics'
  [1m[36mGradeCorrection Count (0.1ms)[0m  [1m[34mSELECT COUNT(*) AS "count_all", "grade_corrections"."current_owner_id" AS "grade_corrections_current_owner_id" FROM "grade_corrections" WHERE "grade_corrections"."current_owner_id" IS NOT NULL GROUP BY "grade_corrections"."current_owner_id" /*action='statistics',application='Q224',controller='dashboard'*/[0m
  ↳ app/controllers/dashboard_controller.rb:33:in 'DashboardController#statistics'
  [1m[36mCACHE User Load (0.0ms)[0m  [1m[34mSELECT "users".* FROM "users" WHERE "users"."id" = 5 LIMIT 1[0m
  ↳ app/controllers/dashboard_controller.rb:34:in 'block in DashboardController#statistics'
  [1m[36mUser Load (0.1ms)[0m  [1m[34mSELECT "users".* FROM "users" WHERE "users"."id" = 6 LIMIT 1 /*action='statistics',application='Q224',controller='dashboard'*/[0m
  ↳ app/controllers/dashboard_controller.rb:34:in 'block in DashboardController#statistics'
  [1m[36mUser Load (0.2ms)[0m  [1m[34mSELECT "users".* FROM "users" WHERE "users"."id" = 7 LIMIT 1 /*action='statistics',application='Q224',controller='dashboard'*/[0m
  ↳ app/controllers/dashboard_controller.rb:34:in 'block in DashboardController#statistics'
  [1m[36mUser Load (0.2ms)[0m  [1m[34mSELECT "users".* FROM "users" WHERE "users"."id" = 8 LIMIT 1 /*action='statistics',application='Q224',controller='dashboard'*/[0m
  ↳ app/controllers/dashboard_controller.rb:34:in 'block in DashboardController#statistics'
  [1m[36mGradeCorrection Pluck (1.2ms)[0m  [1m[34mSELECT corrected_score - original_score FROM "grade_corrections" WHERE "grade_corrections"."corrected_score" IS NOT NULL AND "grade_corrections"."original_score" IS NOT NULL /*action='statistics',application='Q224',controller='dashboard'*/[0m
  ↳ app/controllers/dashboard_controller.rb:38:in 'DashboardController#statistics'
  [1m[36mGradeCorrection Pluck (0.2ms)[0m  [1m[34mSELECT "grade_corrections"."amount" FROM "grade_corrections" /*action='statistics',application='Q224',controller='dashboard'*/[0m
  ↳ app/controllers/dashboard_controller.rb:46:in 'DashboardController#statistics'
  [1m[36mGradeCorrection Pluck (1.3ms)[0m  [1m[34mSELECT EXTRACT(EPOCH FROM (MAX(processing_nodes.created_at) - MIN(processing_nodes.created_at))) / 3600 FROM "grade_corrections" INNER JOIN "processing_nodes" ON "processing_nodes"."grade_correction_id" = "grade_corrections"."id" WHERE "grade_corrections"."status" = 'archived' AND "processing_nodes"."node_type" IN ('accept', 'approve') GROUP BY "grade_corrections"."id" /*action='statistics',application='Q224',controller='dashboard'*/[0m
  ↳ app/controllers/dashboard_controller.rb:54:in 'DashboardController#statistics'
  [1m[36mDiffRecord Count (1.3ms)[0m  [1m[34mSELECT COUNT(*) AS "count_all", "diff_records"."field_name" AS "diff_records_field_name" FROM "diff_records" GROUP BY "diff_records"."field_name" /*action='statistics',application='Q224',controller='dashboard'*/[0m
  ↳ app/controllers/dashboard_controller.rb:59:in 'DashboardController#statistics'
  Rendering layout layouts/application.html.erb
  Rendering dashboard/statistics.html.erb within layouts/application
  Rendered dashboard/statistics.html.erb within layouts/application (Duration: 3.8ms | GC: 0.1ms)
  [1m[36mUser Count (0.3ms)[0m  [1m[34mSELECT COUNT(*) FROM "users" /*action='statistics',application='Q224',controller='dashboard'*/[0m
  ↳ app/views/layouts/application.html.erb:71
  [1m[36mUser Load (0.3ms)[0m  [1m[34mSELECT "users".* FROM "users" WHERE "users"."id" != 5 /*action='statistics',application='Q224',controller='dashboard'*/[0m
  ↳ app/views/layouts/application.html.erb:88
  Rendered layout layouts/application.html.erb (Duration: 6.3ms | GC: 0.1ms)
Completed 200 OK in 30ms (Views: 6.0ms | ActiveRecord: 9.6ms (22 queries, 1 cached) | GC: 0.4ms)


Started GET "/grade_corrections" for 127.0.0.1 at 2026-06-13 07:25:41 +0800
Processing by GradeCorrectionsController#index as */*
  [1m[36mUser Load (0.8ms)[0m  [1m[34mSELECT "users".* FROM "users" WHERE "users"."id" = 5 LIMIT 1 /*action='index',application='Q224',controller='grade_corrections'*/[0m
  ↳ app/controllers/application_controller.rb:13:in 'ApplicationController#current_user'
  [1m[36mGradeCorrection Count (0.4ms)[0m  [1m[34mSELECT COUNT(*) FROM "grade_corrections" /*action='index',application='Q224',controller='grade_corrections'*/[0m
  ↳ app/models/simple_paginator.rb:8:in 'SimplePaginator#initialize'
  Rendering layout layouts/application.html.erb
  Rendering grade_corrections/index.html.erb within layouts/application
  [1m[36mCACHE GradeCorrection Count (0.0ms)[0m  [1m[34mSELECT COUNT(*) FROM "grade_corrections"[0m
  ↳ app/models/grade_correction.rb:126:in 'GradeCorrection.statistics'
  [1m[36mGradeCorrection Count (0.4ms)[0m  [1m[34mSELECT COUNT(*) FROM "grade_corrections" WHERE "grade_corrections"."status" = 'pending' /*action='index',application='Q224',controller='grade_corrections'*/[0m
  ↳ app/models/grade_correction.rb:127:in 'GradeCorrection.statistics'
  [1m[36mGradeCorrection Count (0.3ms)[0m  [1m[34mSELECT COUNT(*) FROM "grade_corrections" WHERE "grade_corrections"."status" = 'processing' /*action='index',application='Q224',controller='grade_corrections'*/[0m
  ↳ app/models/grade_correction.rb:128:in 'GradeCorrection.statistics'
  [1m[36mGradeCorrection Count (0.2ms)[0m  [1m[34mSELECT COUNT(*) FROM "grade_corrections" WHERE "grade_corrections"."status" = 'reviewing' /*action='index',application='Q224',controller='grade_corrections'*/[0m
  ↳ app/models/grade_correction.rb:129:in 'GradeCorrection.statistics'
  [1m[36mGradeCorrection Count (0.3ms)[0m  [1m[34mSELECT COUNT(*) FROM "grade_corrections" WHERE "grade_corrections"."status" = 'archived' /*action='index',application='Q224',controller='grade_corrections'*/[0m
  ↳ app/models/grade_correction.rb:130:in 'GradeCorrection.statistics'
  [1m[36mGradeCorrection Count (0.1ms)[0m  [1m[34mSELECT COUNT(*) FROM "grade_corrections" WHERE "grade_corrections"."status" = 'rejected' /*action='index',application='Q224',controller='grade_corrections'*/[0m
  ↳ app/models/grade_correction.rb:131:in 'GradeCorrection.statistics'
  [1m[36mGradeCorrection Count (0.1ms)[0m  [1m[34mSELECT COUNT(*) FROM "grade_corrections" WHERE "grade_corrections"."status" = 'returned' /*action='index',application='Q224',controller='grade_corrections'*/[0m
  ↳ app/models/grade_correction.rb:132:in 'GradeCorrection.statistics'
  [1m[36mGradeCorrection Count (0.2ms)[0m  [1m[34mSELECT COUNT(*) FROM "grade_corrections" WHERE "grade_corrections"."block_reason" IS NOT NULL /*action='index',application='Q224',controller='grade_corrections'*/[0m
  ↳ app/models/grade_correction.rb:133:in 'GradeCorrection.statistics'
  [1m[36mGradeCorrection Count (0.2ms)[0m  [1m[34mSELECT COUNT(*) FROM "grade_corrections" WHERE "grade_corrections"."notification_confirmed" = FALSE /*action='index',application='Q224',controller='grade_corrections'*/[0m
  ↳ app/models/grade_correction.rb:134:in 'GradeCorrection.statistics'
  [1m[36mGradeCorrection Pluck (1.5ms)[0m  [1m[34mSELECT EXTRACT(DAY FROM MIN(processing_nodes.created_at) - grade_corrections.created_at) FROM "grade_corrections" INNER JOIN "processing_nodes" ON "processing_nodes"."grade_correction_id" = "grade_corrections"."id" WHERE "grade_corrections"."status" = 'archived' GROUP BY "grade_corrections"."id" /*action='index',application='Q224',controller='grade_corrections'*/[0m
  ↳ app/models/grade_correction.rb:148:in 'GradeCorrection.calculate_average_processing_days'
  Rendered dashboard/_statistics.html.erb (Duration: 0.4ms | GC: 0.0ms)
  Rendered grade_corrections/index.html.erb within layouts/application (Duration: 11.1ms | GC: 0.5ms)
  Rendered layout layouts/application.html.erb (Duration: 11.2ms | GC: 0.5ms)
Completed 500 Internal Server Error in 19ms (ActiveRecord: 4.5ms (12 queries, 1 cached) | GC: 0.5ms)


  
ActionView::Template::Error (Ransack needs GradeCorrection attributes explicitly allowlisted as
searchable. Define a `ransackable_attributes` class method in your `GradeCorrection`
model, watching out for items you DON'T want searchable (for
example, `encrypted_password`, `password_reset_token`, `owner` or
other sensitive information). You can use the following as a base:

```ruby
class GradeCorrection < ApplicationRecord

  # ...

  def self.ransackable_attributes(auth_object = nil)
    ["amount", "applicant", "application_date", "application_no", "application_reason", "block_reason", "conclusion", "corrected_score", "course_code", "course_name", "created_at", "critical_time", "current_owner_id", "evidence_conclusion", "id", "id_value", "notification_confirmed", "original_score", "remedy_path", "responsible_party", "source", "status", "student_id", "student_name", "updated_at"]
  end

  # ...

end
```
)
Caused by: RuntimeError (Ransack needs GradeCorrection attributes explicitly allowlisted as
searchable. Define a `ransackable_attributes` class method in your `GradeCorrection`
model, watching out for items you DON'T want searchable (for
example, `encrypted_password`, `password_reset_token`, `owner` or
other sensitive information). You can use the following as a base:

```ruby
class GradeCorrection < ApplicationRecord

  # ...

  def self.ransackable_attributes(auth_object = nil)
    ["amount", "applicant", "application_date", "application_no", "application_reason", "block_reason", "conclusion", "corrected_score", "course_code", "course_name", "created_at", "critical_time", "current_owner_id", "evidence_conclusion", "id", "id_value", "notification_confirmed", "original_score", "remedy_path", "responsible_party", "source", "status", "student_id", "student_name", "updated_at"]
  end

  # ...

end
```
)

Information for: ActionView::Template::Error (Ransack needs GradeCorrection attributes explicitly allowlisted as
searchable. Define a `ransackable_attributes` class method in your `GradeCorrection`
model, watching out for items you DON'T want searchable (for
example, `encrypted_password`, `password_reset_token`, `owner` or
other sensitive information). You can use the following as a base:

```ruby
class GradeCorrection < ApplicationRecord

  # ...

  def self.ransackable_attributes(auth_object = nil)
    ["amount", "applicant", "application_date", "application_no", "application_reason", "block_reason", "conclusion", "corrected_score", "course_code", "course_name", "created_at", "critical_time", "current_owner_id", "evidence_conclusion", "id", "id_value", "notification_confirmed", "original_score", "remedy_path", "responsible_party", "source", "status", "student_id", "student_name", "updated_at"]
  end

  # ...

end
```
):
    24:           <div>
    25:             <%= f.label :application_no_or_student_name_or_student_id_or_course_name_cont, '关键字搜索', class: 'block text-sm font-medium text-gray-700' %>
    26:             <%= f.search_field :application_no_or_student_name_or_student_id_or_course_name_cont, class: 'mt-1 block w-full rounded-md border-gray-300 shadow-sm focus:border-blue-500 focus:ring-blue-500 sm:text-sm', placeholder: '申请号/姓名/学号/课程' %>
    27:           </div>
    28:           <div>
    29:             <%= f.label :status_eq, '状态', class: 'block text-sm font-medium text-gray-700' %>
    30:             <%= f.select :status_eq, GradeCorrection.aasm.states.map { |s| [GradeCorrection.status_i18n(s.name), s.name.to_s] }, { include_blank: '全部' }, class: 'mt-1 block w-full rounded-md border-gray-300 shadow-sm focus:border-blue-500 focus:ring-blue-500 sm:text-sm' %>
  
app/views/grade_corrections/index.html.erb:27
app/views/grade_corrections/index.html.erb:23

Information for cause: RuntimeError (Ransack needs GradeCorrection attributes explicitly allowlisted as
searchable. Define a `ransackable_attributes` class method in your `GradeCorrection`
model, watching out for items you DON'T want searchable (for
example, `encrypted_password`, `password_reset_token`, `owner` or
other sensitive information). You can use the following as a base:

```ruby
class GradeCorrection < ApplicationRecord

  # ...

  def self.ransackable_attributes(auth_object = nil)
    ["amount", "applicant", "application_date", "application_no", "application_reason", "block_reason", "conclusion", "corrected_score", "course_code", "course_name", "created_at", "critical_time", "current_owner_id", "evidence_conclusion", "id", "id_value", "notification_confirmed", "original_score", "remedy_path", "responsible_party", "source", "status", "student_id", "student_name", "updated_at"]
  end

  # ...

end
```
):
  
app/views/grade_corrections/index.html.erb:27
app/views/grade_corrections/index.html.erb:23
Started GET "/grade_corrections" for 127.0.0.1 at 2026-06-13 07:26:00 +0800
Processing by GradeCorrectionsController#index as */*
  [1m[36mUser Load (0.2ms)[0m  [1m[34mSELECT "users".* FROM "users" WHERE "users"."id" = 5 LIMIT 1 /*action='index',application='Q224',controller='grade_corrections'*/[0m
  ↳ app/controllers/application_controller.rb:13:in 'ApplicationController#current_user'
  [1m[36mGradeCorrection Count (0.2ms)[0m  [1m[34mSELECT COUNT(*) FROM "grade_corrections" /*action='index',application='Q224',controller='grade_corrections'*/[0m
  ↳ app/models/simple_paginator.rb:8:in 'SimplePaginator#initialize'
  Rendering layout layouts/application.html.erb
  Rendering grade_corrections/index.html.erb within layouts/application
  [1m[36mCACHE GradeCorrection Count (0.0ms)[0m  [1m[34mSELECT COUNT(*) FROM "grade_corrections"[0m
  ↳ app/models/grade_correction.rb:126:in 'GradeCorrection.statistics'
  [1m[36mGradeCorrection Count (0.4ms)[0m  [1m[34mSELECT COUNT(*) FROM "grade_corrections" WHERE "grade_corrections"."status" = 'pending' /*action='index',application='Q224',controller='grade_corrections'*/[0m
  ↳ app/models/grade_correction.rb:127:in 'GradeCorrection.statistics'
  [1m[36mGradeCorrection Count (0.2ms)[0m  [1m[34mSELECT COUNT(*) FROM "grade_corrections" WHERE "grade_corrections"."status" = 'processing' /*action='index',application='Q224',controller='grade_corrections'*/[0m
  ↳ app/models/grade_correction.rb:128:in 'GradeCorrection.statistics'
  [1m[36mGradeCorrection Count (0.1ms)[0m  [1m[34mSELECT COUNT(*) FROM "grade_corrections" WHERE "grade_corrections"."status" = 'reviewing' /*action='index',application='Q224',controller='grade_corrections'*/[0m
  ↳ app/models/grade_correction.rb:129:in 'GradeCorrection.statistics'
  [1m[36mGradeCorrection Count (0.1ms)[0m  [1m[34mSELECT COUNT(*) FROM "grade_corrections" WHERE "grade_corrections"."status" = 'archived' /*action='index',application='Q224',controller='grade_corrections'*/[0m
  ↳ app/models/grade_correction.rb:130:in 'GradeCorrection.statistics'
  [1m[36mGradeCorrection Count (0.1ms)[0m  [1m[34mSELECT COUNT(*) FROM "grade_corrections" WHERE "grade_corrections"."status" = 'rejected' /*action='index',application='Q224',controller='grade_corrections'*/[0m
  ↳ app/models/grade_correction.rb:131:in 'GradeCorrection.statistics'
  [1m[36mGradeCorrection Count (0.1ms)[0m  [1m[34mSELECT COUNT(*) FROM "grade_corrections" WHERE "grade_corrections"."status" = 'returned' /*action='index',application='Q224',controller='grade_corrections'*/[0m
  ↳ app/models/grade_correction.rb:132:in 'GradeCorrection.statistics'
  [1m[36mGradeCorrection Count (0.2ms)[0m  [1m[34mSELECT COUNT(*) FROM "grade_corrections" WHERE "grade_corrections"."block_reason" IS NOT NULL /*action='index',application='Q224',controller='grade_corrections'*/[0m
  ↳ app/models/grade_correction.rb:133:in 'GradeCorrection.statistics'
  [1m[36mGradeCorrection Count (0.1ms)[0m  [1m[34mSELECT COUNT(*) FROM "grade_corrections" WHERE "grade_corrections"."notification_confirmed" = FALSE /*action='index',application='Q224',controller='grade_corrections'*/[0m
  ↳ app/models/grade_correction.rb:134:in 'GradeCorrection.statistics'
  [1m[36mGradeCorrection Pluck (0.6ms)[0m  [1m[34mSELECT EXTRACT(DAY FROM MIN(processing_nodes.created_at) - grade_corrections.created_at) FROM "grade_corrections" INNER JOIN "processing_nodes" ON "processing_nodes"."grade_correction_id" = "grade_corrections"."id" WHERE "grade_corrections"."status" = 'archived' GROUP BY "grade_corrections"."id" /*action='index',application='Q224',controller='grade_corrections'*/[0m
  ↳ app/models/grade_correction.rb:148:in 'GradeCorrection.calculate_average_processing_days'
  Rendered dashboard/_statistics.html.erb (Duration: 0.8ms | GC: 0.0ms)
  [1m[36mUser Load (0.3ms)[0m  [1m[34mSELECT "users".* FROM "users" /*action='index',application='Q224',controller='grade_corrections'*/[0m
  ↳ app/views/grade_corrections/index.html.erb:39:in 'Enumerable#map'
  [1m[36mGradeCorrection Exists? (0.2ms)[0m  [1m[34mSELECT 1 AS one FROM "grade_corrections" LIMIT 1 OFFSET 0 /*action='index',application='Q224',controller='grade_corrections'*/[0m
  ↳ app/views/grade_corrections/index.html.erb:62
  [1m[36mGradeCorrection Load (0.4ms)[0m  [1m[34mSELECT "grade_corrections".* FROM "grade_corrections" ORDER BY "grade_corrections"."created_at" DESC LIMIT 20 OFFSET 0 /*action='index',application='Q224',controller='grade_corrections'*/[0m
  ↳ app/views/grade_corrections/index.html.erb:64
  [1m[36mUser Load (0.2ms)[0m  [1m[34mSELECT "users".* FROM "users" WHERE "users"."id" IN (8, 7, 5, 6) /*action='index',application='Q224',controller='grade_corrections'*/[0m
  ↳ app/views/grade_corrections/index.html.erb:64
  [1m[36mProcessingNode Load (0.3ms)[0m  [1m[34mSELECT "processing_nodes".* FROM "processing_nodes" WHERE "processing_nodes"."grade_correction_id" IN (16, 15, 14, 13, 12, 11, 10) ORDER BY "processing_nodes"."created_at" ASC /*action='index',application='Q224',controller='grade_corrections'*/[0m
  ↳ app/views/grade_corrections/index.html.erb:64
  Rendered grade_corrections/_grade_correction.html.erb (Duration: 0.9ms | GC: 0.0ms)
  Rendered grade_corrections/_grade_correction.html.erb (Duration: 0.1ms | GC: 0.0ms)
  Rendered grade_corrections/_grade_correction.html.erb (Duration: 0.2ms | GC: 0.0ms)
  Rendered grade_corrections/_grade_correction.html.erb (Duration: 0.2ms | GC: 0.0ms)
  Rendered grade_corrections/_grade_correction.html.erb (Duration: 0.1ms | GC: 0.0ms)
  Rendered grade_corrections/_grade_correction.html.erb (Duration: 0.1ms | GC: 0.0ms)
  Rendered grade_corrections/_grade_correction.html.erb (Duration: 0.1ms | GC: 0.0ms)
  Rendered grade_corrections/index.html.erb within layouts/application (Duration: 29.3ms | GC: 0.0ms)
  [1m[36mUser Count (0.2ms)[0m  [1m[34mSELECT COUNT(*) FROM "users" /*action='index',application='Q224',controller='grade_corrections'*/[0m
  ↳ app/views/layouts/application.html.erb:71
  [1m[36mUser Load (0.2ms)[0m  [1m[34mSELECT "users".* FROM "users" WHERE "users"."id" != 5 /*action='index',application='Q224',controller='grade_corrections'*/[0m
  ↳ app/views/layouts/application.html.erb:88
  Rendered layout layouts/application.html.erb (Duration: 33.3ms | GC: 0.0ms)
Completed 200 OK in 59ms (Views: 29.3ms | ActiveRecord: 13.0ms (19 queries, 1 cached) | GC: 0.0ms)


Started GET "/grade_corrections/1" for 127.0.0.1 at 2026-06-13 07:26:00 +0800
Processing by GradeCorrectionsController#show as */*
  Parameters: {"id" => "1"}
  [1m[36mUser Load (0.3ms)[0m  [1m[34mSELECT "users".* FROM "users" WHERE "users"."id" = 5 LIMIT 1 /*action='show',application='Q224',controller='grade_corrections'*/[0m
  ↳ app/controllers/application_controller.rb:13:in 'ApplicationController#current_user'
  [1m[36mGradeCorrection Load (0.3ms)[0m  [1m[34mSELECT "grade_corrections".* FROM "grade_corrections" WHERE "grade_corrections"."id" = 1 LIMIT 1 /*action='show',application='Q224',controller='grade_corrections'*/[0m
  ↳ app/controllers/grade_corrections_controller.rb:155:in 'GradeCorrectionsController#set_grade_correction'
Completed 404 Not Found in 3ms (ActiveRecord: 0.6ms (2 queries, 0 cached) | GC: 0.0ms)


  
ActiveRecord::RecordNotFound (Couldn't find GradeCorrection with 'id'="1"):
  
app/controllers/grade_corrections_controller.rb:155:in 'GradeCorrectionsController#set_grade_correction'
  [1m[36mGradeCorrection Pluck (3.3ms)[0m  [1m[34mSELECT "grade_corrections"."id", "grade_corrections"."application_no" FROM "grade_corrections" ORDER BY "grade_corrections"."id" ASC LIMIT 5 /*application='Q224'*/[0m
Started GET "/grade_corrections/10" for 127.0.0.1 at 2026-06-13 07:26:26 +0800
Processing by GradeCorrectionsController#show as */*
  Parameters: {"id" => "10"}
  [1m[36mUser Load (1.1ms)[0m  [1m[34mSELECT "users".* FROM "users" WHERE "users"."id" = 5 LIMIT 1 /*action='show',application='Q224',controller='grade_corrections'*/[0m
  ↳ app/controllers/application_controller.rb:13:in 'ApplicationController#current_user'
  [1m[36mGradeCorrection Load (2.7ms)[0m  [1m[34mSELECT "grade_corrections".* FROM "grade_corrections" WHERE "grade_corrections"."id" = 10 LIMIT 1 /*action='show',application='Q224',controller='grade_corrections'*/[0m
  ↳ app/controllers/grade_corrections_controller.rb:155:in 'GradeCorrectionsController#set_grade_correction'
  Rendering layout layouts/application.html.erb
  Rendering grade_corrections/show.html.erb within layouts/application
  [1m[36mUser Load (0.5ms)[0m  [1m[34mSELECT "users".* FROM "users" WHERE "users"."id" = 6 LIMIT 1 /*action='show',application='Q224',controller='grade_corrections'*/[0m
  ↳ app/views/grade_corrections/show.html.erb:76
  [1m[36mAttachment Exists? (4.8ms)[0m  [1m[34mSELECT 1 AS one FROM "attachments" WHERE "attachments"."grade_correction_id" = 10 LIMIT 1 /*action='show',application='Q224',controller='grade_corrections'*/[0m
  ↳ app/views/grade_corrections/show.html.erb:168
  [1m[36mAttachment Count (0.3ms)[0m  [1m[34mSELECT COUNT(*) FROM "attachments" WHERE "attachments"."grade_correction_id" = 10 /*action='show',application='Q224',controller='grade_corrections'*/[0m
  ↳ app/views/grade_corrections/show.html.erb:170
  [1m[36mDiffRecord Exists? (0.3ms)[0m  [1m[34mSELECT 1 AS one FROM "diff_records" WHERE "diff_records"."grade_correction_id" = 10 LIMIT 1 /*action='show',application='Q224',controller='grade_corrections'*/[0m
  ↳ app/views/grade_corrections/show.html.erb:227
  [1m[36mDiffRecord Load (0.3ms)[0m  [1m[34mSELECT "diff_records".* FROM "diff_records" WHERE "diff_records"."grade_correction_id" = 10 ORDER BY "diff_records"."created_at" DESC /*action='show',application='Q224',controller='grade_corrections'*/[0m
  ↳ app/views/grade_corrections/show.html.erb:242
  [1m[36mCACHE User Load (0.0ms)[0m  [1m[34mSELECT "users".* FROM "users" WHERE "users"."id" = 5 LIMIT 1[0m
  ↳ app/views/grade_corrections/show.html.erb:247
  [1m[36mCACHE User Load (0.0ms)[0m  [1m[34mSELECT "users".* FROM "users" WHERE "users"."id" = 5 LIMIT 1[0m
  ↳ app/views/grade_corrections/show.html.erb:247
  [1m[36mCACHE Attachment Exists? (0.0ms)[0m  [1m[34mSELECT 1 AS one FROM "attachments" WHERE "attachments"."grade_correction_id" = 10 LIMIT 1[0m
  ↳ app/views/grade_corrections/show.html.erb:257
  [1m[36mAttachment Load (3.1ms)[0m  [1m[34mSELECT "attachments".* FROM "attachments" WHERE "attachments"."grade_correction_id" = 10 ORDER BY "attachments"."created_at" DESC /*action='show',application='Q224',controller='grade_corrections'*/[0m
  ↳ app/views/grade_corrections/show.html.erb:261
  [1m[36mProcessingNode Load (1.0ms)[0m  [1m[34mSELECT "processing_nodes".* FROM "processing_nodes" WHERE "processing_nodes"."grade_correction_id" = 10 ORDER BY "processing_nodes"."created_at" ASC /*action='show',application='Q224',controller='grade_corrections'*/[0m
  ↳ app/models/grade_correction.rb:215:in 'Enumerable#map'
  [1m[36mCACHE User Load (0.0ms)[0m  [1m[34mSELECT "users".* FROM "users" WHERE "users"."id" = 6 LIMIT 1[0m
  ↳ app/models/grade_correction.rb:215:in 'Enumerable#map'
  [1m[36mCACHE User Load (0.0ms)[0m  [1m[34mSELECT "users".* FROM "users" WHERE "users"."id" = 5 LIMIT 1[0m
  ↳ app/models/grade_correction.rb:215:in 'Enumerable#map'
  [1m[36mCACHE User Load (0.0ms)[0m  [1m[34mSELECT "users".* FROM "users" WHERE "users"."id" = 5 LIMIT 1[0m
  ↳ app/models/grade_correction.rb:215:in 'Enumerable#map'
  [1m[36mCACHE User Load (0.0ms)[0m  [1m[34mSELECT "users".* FROM "users" WHERE "users"."id" = 5 LIMIT 1[0m
  ↳ app/models/grade_correction.rb:215:in 'Enumerable#map'
  [1m[36mCACHE User Load (0.0ms)[0m  [1m[34mSELECT "users".* FROM "users" WHERE "users"."id" = 5 LIMIT 1[0m
  ↳ app/models/grade_correction.rb:215:in 'Enumerable#map'
  [1m[36mCACHE User Load (0.0ms)[0m  [1m[34mSELECT "users".* FROM "users" WHERE "users"."id" = 6 LIMIT 1[0m
  ↳ app/models/grade_correction.rb:215:in 'Enumerable#map'
  [1m[36mAttachment Exists? (0.4ms)[0m  [1m[34mSELECT 1 AS one FROM "attachments" WHERE "attachments"."processing_node_id" = 45 LIMIT 1 /*action='show',application='Q224',controller='grade_corrections'*/[0m
  ↳ app/models/processing_node.rb:31:in 'ProcessingNode#has_attachments?'
  [1m[36mDiffRecord Exists? (0.2ms)[0m  [1m[34mSELECT 1 AS one FROM "diff_records" WHERE "diff_records"."processing_node_id" = 45 LIMIT 1 /*action='show',application='Q224',controller='grade_corrections'*/[0m
  ↳ app/models/processing_node.rb:35:in 'ProcessingNode#has_diff_records?'
  [1m[36mCACHE Attachment Exists? (0.0ms)[0m  [1m[34mSELECT 1 AS one FROM "attachments" WHERE "attachments"."processing_node_id" = 45 LIMIT 1[0m
  ↳ app/models/processing_node.rb:31:in 'ProcessingNode#has_attachments?'
  [1m[36mAttachment Load (0.3ms)[0m  [1m[34mSELECT "attachments".* FROM "attachments" WHERE "attachments"."processing_node_id" = 45 /*action='show',application='Q224',controller='grade_corrections'*/[0m
  ↳ app/views/grade_corrections/show.html.erb:399
  [1m[36mAttachment Exists? (0.3ms)[0m  [1m[34mSELECT 1 AS one FROM "attachments" WHERE "attachments"."processing_node_id" = 46 LIMIT 1 /*action='show',application='Q224',controller='grade_corrections'*/[0m
  ↳ app/models/processing_node.rb:31:in 'ProcessingNode#has_attachments?'
  [1m[36mDiffRecord Exists? (0.1ms)[0m  [1m[34mSELECT 1 AS one FROM "diff_records" WHERE "diff_records"."processing_node_id" = 46 LIMIT 1 /*action='show',application='Q224',controller='grade_corrections'*/[0m
  ↳ app/models/processing_node.rb:35:in 'ProcessingNode#has_diff_records?'
  [1m[36mCACHE Attachment Exists? (0.0ms)[0m  [1m[34mSELECT 1 AS one FROM "attachments" WHERE "attachments"."processing_node_id" = 46 LIMIT 1[0m
  ↳ app/models/processing_node.rb:31:in 'ProcessingNode#has_attachments?'
  [1m[36mAttachment Exists? (0.2ms)[0m  [1m[34mSELECT 1 AS one FROM "attachments" WHERE "attachments"."processing_node_id" = 47 LIMIT 1 /*action='show',application='Q224',controller='grade_corrections'*/[0m
  ↳ app/models/processing_node.rb:31:in 'ProcessingNode#has_attachments?'
  [1m[36mDiffRecord Exists? (0.2ms)[0m  [1m[34mSELECT 1 AS one FROM "diff_records" WHERE "diff_records"."processing_node_id" = 47 LIMIT 1 /*action='show',application='Q224',controller='grade_corrections'*/[0m
  ↳ app/models/processing_node.rb:35:in 'ProcessingNode#has_diff_records?'
  [1m[36mCACHE Attachment Exists? (0.0ms)[0m  [1m[34mSELECT 1 AS one FROM "attachments" WHERE "attachments"."processing_node_id" = 47 LIMIT 1[0m
  ↳ app/models/processing_node.rb:31:in 'ProcessingNode#has_attachments?'
  [1m[36mAttachment Load (0.4ms)[0m  [1m[34mSELECT "attachments".* FROM "attachments" WHERE "attachments"."processing_node_id" = 47 /*action='show',application='Q224',controller='grade_corrections'*/[0m
  ↳ app/views/grade_corrections/show.html.erb:399
  [1m[36mAttachment Exists? (0.2ms)[0m  [1m[34mSELECT 1 AS one FROM "attachments" WHERE "attachments"."processing_node_id" = 48 LIMIT 1 /*action='show',application='Q224',controller='grade_corrections'*/[0m
  ↳ app/models/processing_node.rb:31:in 'ProcessingNode#has_attachments?'
  [1m[36mDiffRecord Exists? (0.1ms)[0m  [1m[34mSELECT 1 AS one FROM "diff_records" WHERE "diff_records"."processing_node_id" = 48 LIMIT 1 /*action='show',application='Q224',controller='grade_corrections'*/[0m
  ↳ app/models/processing_node.rb:35:in 'ProcessingNode#has_diff_records?'
  [1m[36mDiffRecord Load (0.2ms)[0m  [1m[34mSELECT "diff_records".* FROM "diff_records" WHERE "diff_records"."processing_node_id" = 48 /*action='show',application='Q224',controller='grade_corrections'*/[0m
  ↳ app/views/grade_corrections/show.html.erb:389
  [1m[36mCACHE Attachment Exists? (0.0ms)[0m  [1m[34mSELECT 1 AS one FROM "attachments" WHERE "attachments"."processing_node_id" = 48 LIMIT 1[0m
  ↳ app/models/processing_node.rb:31:in 'ProcessingNode#has_attachments?'
  [1m[36mAttachment Exists? (0.3ms)[0m  [1m[34mSELECT 1 AS one FROM "attachments" WHERE "attachments"."processing_node_id" = 49 LIMIT 1 /*action='show',application='Q224',controller='grade_corrections'*/[0m
  ↳ app/models/processing_node.rb:31:in 'ProcessingNode#has_attachments?'
  [1m[36mDiffRecord Exists? (0.2ms)[0m  [1m[34mSELECT 1 AS one FROM "diff_records" WHERE "diff_records"."processing_node_id" = 49 LIMIT 1 /*action='show',application='Q224',controller='grade_corrections'*/[0m
  ↳ app/models/processing_node.rb:35:in 'ProcessingNode#has_diff_records?'
  [1m[36mCACHE Attachment Exists? (0.0ms)[0m  [1m[34mSELECT 1 AS one FROM "attachments" WHERE "attachments"."processing_node_id" = 49 LIMIT 1[0m
  ↳ app/models/processing_node.rb:31:in 'ProcessingNode#has_attachments?'
  [1m[36mAttachment Exists? (0.2ms)[0m  [1m[34mSELECT 1 AS one FROM "attachments" WHERE "attachments"."processing_node_id" = 50 LIMIT 1 /*action='show',application='Q224',controller='grade_corrections'*/[0m
  ↳ app/models/processing_node.rb:31:in 'ProcessingNode#has_attachments?'
  [1m[36mDiffRecord Exists? (0.1ms)[0m  [1m[34mSELECT 1 AS one FROM "diff_records" WHERE "diff_records"."processing_node_id" = 50 LIMIT 1 /*action='show',application='Q224',controller='grade_corrections'*/[0m
  ↳ app/models/processing_node.rb:35:in 'ProcessingNode#has_diff_records?'
  [1m[36mCACHE Attachment Exists? (0.0ms)[0m  [1m[34mSELECT 1 AS one FROM "attachments" WHERE "attachments"."processing_node_id" = 50 LIMIT 1[0m
  ↳ app/models/processing_node.rb:31:in 'ProcessingNode#has_attachments?'
  Rendered grade_corrections/show.html.erb within layouts/application (Duration: 62.8ms | GC: 1.6ms)
  [1m[36mUser Count (0.3ms)[0m  [1m[34mSELECT COUNT(*) FROM "users" /*action='show',application='Q224',controller='grade_corrections'*/[0m
  ↳ app/views/layouts/application.html.erb:71
  [1m[36mUser Load (0.2ms)[0m  [1m[34mSELECT "users".* FROM "users" WHERE "users"."id" != 5 /*action='show',application='Q224',controller='grade_corrections'*/[0m
  ↳ app/views/layouts/application.html.erb:88
  Rendered layout layouts/application.html.erb (Duration: 66.6ms | GC: 1.6ms)
Completed 200 OK in 166ms (Views: 53.7ms | ActiveRecord: 24.3ms (41 queries, 15 cached) | GC: 3.3ms)


Started GET "/grade_corrections/11" for 127.0.0.1 at 2026-06-13 07:26:27 +0800
Processing by GradeCorrectionsController#show as */*
  Parameters: {"id" => "11"}
  [1m[36mUser Load (1.0ms)[0m  [1m[34mSELECT "users".* FROM "users" WHERE "users"."id" = 5 LIMIT 1 /*action='show',application='Q224',controller='grade_corrections'*/[0m
  ↳ app/controllers/application_controller.rb:13:in 'ApplicationController#current_user'
  [1m[36mGradeCorrection Load (0.3ms)[0m  [1m[34mSELECT "grade_corrections".* FROM "grade_corrections" WHERE "grade_corrections"."id" = 11 LIMIT 1 /*action='show',application='Q224',controller='grade_corrections'*/[0m
  ↳ app/controllers/grade_corrections_controller.rb:155:in 'GradeCorrectionsController#set_grade_correction'
  Rendering layout layouts/application.html.erb
  Rendering grade_corrections/show.html.erb within layouts/application
  [1m[36mUser Load (0.3ms)[0m  [1m[34mSELECT "users".* FROM "users" WHERE "users"."id" = 6 LIMIT 1 /*action='show',application='Q224',controller='grade_corrections'*/[0m
  ↳ app/views/grade_corrections/show.html.erb:76
  [1m[36mAttachment Exists? (0.2ms)[0m  [1m[34mSELECT 1 AS one FROM "attachments" WHERE "attachments"."grade_correction_id" = 11 LIMIT 1 /*action='show',application='Q224',controller='grade_corrections'*/[0m
  ↳ app/views/grade_corrections/show.html.erb:168
  [1m[36mAttachment Count (0.3ms)[0m  [1m[34mSELECT COUNT(*) FROM "attachments" WHERE "attachments"."grade_correction_id" = 11 /*action='show',application='Q224',controller='grade_corrections'*/[0m
  ↳ app/views/grade_corrections/show.html.erb:170
  [1m[36mDiffRecord Exists? (0.6ms)[0m  [1m[34mSELECT 1 AS one FROM "diff_records" WHERE "diff_records"."grade_correction_id" = 11 LIMIT 1 /*action='show',application='Q224',controller='grade_corrections'*/[0m
  ↳ app/views/grade_corrections/show.html.erb:227
  [1m[36mDiffRecord Load (0.3ms)[0m  [1m[34mSELECT "diff_records".* FROM "diff_records" WHERE "diff_records"."grade_correction_id" = 11 ORDER BY "diff_records"."created_at" DESC /*action='show',application='Q224',controller='grade_corrections'*/[0m
  ↳ app/views/grade_corrections/show.html.erb:242
  [1m[36mUser Load (0.2ms)[0m  [1m[34mSELECT "users".* FROM "users" WHERE "users"."id" = 7 LIMIT 1 /*action='show',application='Q224',controller='grade_corrections'*/[0m
  ↳ app/views/grade_corrections/show.html.erb:247
  [1m[36mCACHE User Load (0.0ms)[0m  [1m[34mSELECT "users".* FROM "users" WHERE "users"."id" = 7 LIMIT 1[0m
  ↳ app/views/grade_corrections/show.html.erb:247
  [1m[36mCACHE Attachment Exists? (0.0ms)[0m  [1m[34mSELECT 1 AS one FROM "attachments" WHERE "attachments"."grade_correction_id" = 11 LIMIT 1[0m
  ↳ app/views/grade_corrections/show.html.erb:257
  [1m[36mAttachment Load (0.2ms)[0m  [1m[34mSELECT "attachments".* FROM "attachments" WHERE "attachments"."grade_correction_id" = 11 ORDER BY "attachments"."created_at" DESC /*action='show',application='Q224',controller='grade_corrections'*/[0m
  ↳ app/views/grade_corrections/show.html.erb:261
  [1m[36mProcessingNode Load (0.3ms)[0m  [1m[34mSELECT "processing_nodes".* FROM "processing_nodes" WHERE "processing_nodes"."grade_correction_id" = 11 ORDER BY "processing_nodes"."created_at" ASC /*action='show',application='Q224',controller='grade_corrections'*/[0m
  ↳ app/models/grade_correction.rb:215:in 'Enumerable#map'
  [1m[36mCACHE User Load (0.0ms)[0m  [1m[34mSELECT "users".* FROM "users" WHERE "users"."id" = 6 LIMIT 1[0m
  ↳ app/models/grade_correction.rb:215:in 'Enumerable#map'
  [1m[36mCACHE User Load (0.0ms)[0m  [1m[34mSELECT "users".* FROM "users" WHERE "users"."id" = 7 LIMIT 1[0m
  ↳ app/models/grade_correction.rb:215:in 'Enumerable#map'
  [1m[36mCACHE User Load (0.0ms)[0m  [1m[34mSELECT "users".* FROM "users" WHERE "users"."id" = 7 LIMIT 1[0m
  ↳ app/models/grade_correction.rb:215:in 'Enumerable#map'
  [1m[36mCACHE User Load (0.0ms)[0m  [1m[34mSELECT "users".* FROM "users" WHERE "users"."id" = 7 LIMIT 1[0m
  ↳ app/models/grade_correction.rb:215:in 'Enumerable#map'
  [1m[36mCACHE User Load (0.0ms)[0m  [1m[34mSELECT "users".* FROM "users" WHERE "users"."id" = 7 LIMIT 1[0m
  ↳ app/models/grade_correction.rb:215:in 'Enumerable#map'
  [1m[36mCACHE User Load (0.0ms)[0m  [1m[34mSELECT "users".* FROM "users" WHERE "users"."id" = 6 LIMIT 1[0m
  ↳ app/models/grade_correction.rb:215:in 'Enumerable#map'
  [1m[36mAttachment Exists? (0.5ms)[0m  [1m[34mSELECT 1 AS one FROM "attachments" WHERE "attachments"."processing_node_id" = 51 LIMIT 1 /*action='show',application='Q224',controller='grade_corrections'*/[0m
  ↳ app/models/processing_node.rb:31:in 'ProcessingNode#has_attachments?'
  [1m[36mDiffRecord Exists? (0.3ms)[0m  [1m[34mSELECT 1 AS one FROM "diff_records" WHERE "diff_records"."processing_node_id" = 51 LIMIT 1 /*action='show',application='Q224',controller='grade_corrections'*/[0m
  ↳ app/models/processing_node.rb:35:in 'ProcessingNode#has_diff_records?'
  [1m[36mCACHE Attachment Exists? (0.0ms)[0m  [1m[34mSELECT 1 AS one FROM "attachments" WHERE "attachments"."processing_node_id" = 51 LIMIT 1[0m
  ↳ app/models/processing_node.rb:31:in 'ProcessingNode#has_attachments?'
  [1m[36mAttachment Load (0.2ms)[0m  [1m[34mSELECT "attachments".* FROM "attachments" WHERE "attachments"."processing_node_id" = 51 /*action='show',application='Q224',controller='grade_corrections'*/[0m
  ↳ app/views/grade_corrections/show.html.erb:399
  [1m[36mAttachment Exists? (0.2ms)[0m  [1m[34mSELECT 1 AS one FROM "attachments" WHERE "attachments"."processing_node_id" = 52 LIMIT 1 /*action='show',application='Q224',controller='grade_corrections'*/[0m
  ↳ app/models/processing_node.rb:31:in 'ProcessingNode#has_attachments?'
  [1m[36mDiffRecord Exists? (0.2ms)[0m  [1m[34mSELECT 1 AS one FROM "diff_records" WHERE "diff_records"."processing_node_id" = 52 LIMIT 1 /*action='show',application='Q224',controller='grade_corrections'*/[0m
  ↳ app/models/processing_node.rb:35:in 'ProcessingNode#has_diff_records?'
  [1m[36mCACHE Attachment Exists? (0.0ms)[0m  [1m[34mSELECT 1 AS one FROM "attachments" WHERE "attachments"."processing_node_id" = 52 LIMIT 1[0m
  ↳ app/models/processing_node.rb:31:in 'ProcessingNode#has_attachments?'
  [1m[36mAttachment Exists? (0.2ms)[0m  [1m[34mSELECT 1 AS one FROM "attachments" WHERE "attachments"."processing_node_id" = 53 LIMIT 1 /*action='show',application='Q224',controller='grade_corrections'*/[0m
  ↳ app/models/processing_node.rb:31:in 'ProcessingNode#has_attachments?'
  [1m[36mDiffRecord Exists? (0.2ms)[0m  [1m[34mSELECT 1 AS one FROM "diff_records" WHERE "diff_records"."processing_node_id" = 53 LIMIT 1 /*action='show',application='Q224',controller='grade_corrections'*/[0m
  ↳ app/models/processing_node.rb:35:in 'ProcessingNode#has_diff_records?'
  [1m[36mCACHE Attachment Exists? (0.0ms)[0m  [1m[34mSELECT 1 AS one FROM "attachments" WHERE "attachments"."processing_node_id" = 53 LIMIT 1[0m
  ↳ app/models/processing_node.rb:31:in 'ProcessingNode#has_attachments?'
  [1m[36mAttachment Load (0.1ms)[0m  [1m[34mSELECT "attachments".* FROM "attachments" WHERE "attachments"."processing_node_id" = 53 /*action='show',application='Q224',controller='grade_corrections'*/[0m
  ↳ app/views/grade_corrections/show.html.erb:399
  [1m[36mAttachment Exists? (0.1ms)[0m  [1m[34mSELECT 1 AS one FROM "attachments" WHERE "attachments"."processing_node_id" = 54 LIMIT 1 /*action='show',application='Q224',controller='grade_corrections'*/[0m
  ↳ app/models/processing_node.rb:31:in 'ProcessingNode#has_attachments?'
  [1m[36mDiffRecord Exists? (0.4ms)[0m  [1m[34mSELECT 1 AS one FROM "diff_records" WHERE "diff_records"."processing_node_id" = 54 LIMIT 1 /*action='show',application='Q224',controller='grade_corrections'*/[0m
  ↳ app/models/processing_node.rb:35:in 'ProcessingNode#has_diff_records?'
  [1m[36mDiffRecord Load (0.2ms)[0m  [1m[34mSELECT "diff_records".* FROM "diff_records" WHERE "diff_records"."processing_node_id" = 54 /*action='show',application='Q224',controller='grade_corrections'*/[0m
  ↳ app/views/grade_corrections/show.html.erb:389
  [1m[36mCACHE Attachment Exists? (0.0ms)[0m  [1m[34mSELECT 1 AS one FROM "attachments" WHERE "attachments"."processing_node_id" = 54 LIMIT 1[0m
  ↳ app/models/processing_node.rb:31:in 'ProcessingNode#has_attachments?'
  [1m[36mAttachment Exists? (0.3ms)[0m  [1m[34mSELECT 1 AS one FROM "attachments" WHERE "attachments"."processing_node_id" = 55 LIMIT 1 /*action='show',application='Q224',controller='grade_corrections'*/[0m
  ↳ app/models/processing_node.rb:31:in 'ProcessingNode#has_attachments?'
  [1m[36mDiffRecord Exists? (0.2ms)[0m  [1m[34mSELECT 1 AS one FROM "diff_records" WHERE "diff_records"."processing_node_id" = 55 LIMIT 1 /*action='show',application='Q224',controller='grade_corrections'*/[0m
  ↳ app/models/processing_node.rb:35:in 'ProcessingNode#has_diff_records?'
  [1m[36mCACHE Attachment Exists? (0.0ms)[0m  [1m[34mSELECT 1 AS one FROM "attachments" WHERE "attachments"."processing_node_id" = 55 LIMIT 1[0m
  ↳ app/models/processing_node.rb:31:in 'ProcessingNode#has_attachments?'
  [1m[36mAttachment Exists? (0.2ms)[0m  [1m[34mSELECT 1 AS one FROM "attachments" WHERE "attachments"."processing_node_id" = 56 LIMIT 1 /*action='show',application='Q224',controller='grade_corrections'*/[0m
  ↳ app/models/processing_node.rb:31:in 'ProcessingNode#has_attachments?'
  [1m[36mDiffRecord Exists? (0.2ms)[0m  [1m[34mSELECT 1 AS one FROM "diff_records" WHERE "diff_records"."processing_node_id" = 56 LIMIT 1 /*action='show',application='Q224',controller='grade_corrections'*/[0m
  ↳ app/models/processing_node.rb:35:in 'ProcessingNode#has_diff_records?'
  [1m[36mCACHE Attachment Exists? (0.0ms)[0m  [1m[34mSELECT 1 AS one FROM "attachments" WHERE "attachments"."processing_node_id" = 56 LIMIT 1[0m
  ↳ app/models/processing_node.rb:31:in 'ProcessingNode#has_attachments?'
  Rendered grade_corrections/show.html.erb within layouts/application (Duration: 25.2ms | GC: 0.0ms)
  [1m[36mUser Count (0.2ms)[0m  [1m[34mSELECT COUNT(*) FROM "users" /*action='show',application='Q224',controller='grade_corrections'*/[0m
  ↳ app/views/layouts/application.html.erb:71
  [1m[36mUser Load (0.1ms)[0m  [1m[34mSELECT "users".* FROM "users" WHERE "users"."id" != 5 /*action='show',application='Q224',controller='grade_corrections'*/[0m
  ↳ app/views/layouts/application.html.erb:88
  Rendered layout layouts/application.html.erb (Duration: 27.7ms | GC: 0.0ms)
Completed 200 OK in 33ms (Views: 22.0ms | ActiveRecord: 7.2ms (41 queries, 14 cached) | GC: 0.0ms)


Started GET "/grade_corrections/13/processing" for 127.0.0.1 at 2026-06-13 07:26:27 +0800
Processing by GradeCorrectionsController#processing as */*
  Parameters: {"id" => "13"}
  [1m[36mUser Load (0.3ms)[0m  [1m[34mSELECT "users".* FROM "users" WHERE "users"."id" = 5 LIMIT 1 /*action='processing',application='Q224',controller='grade_corrections'*/[0m
  ↳ app/controllers/application_controller.rb:13:in 'ApplicationController#current_user'
  [1m[36mGradeCorrection Load (0.3ms)[0m  [1m[34mSELECT "grade_corrections".* FROM "grade_corrections" WHERE "grade_corrections"."id" = 13 LIMIT 1 /*action='processing',application='Q224',controller='grade_corrections'*/[0m
  ↳ app/controllers/grade_corrections_controller.rb:155:in 'GradeCorrectionsController#set_grade_correction'
  [1m[36mUser Load (0.2ms)[0m  [1m[34mSELECT "users".* FROM "users" WHERE "users"."id" = 7 LIMIT 1 /*action='processing',application='Q224',controller='grade_corrections'*/[0m
  ↳ app/policies/grade_correction_policy.rb:80:in 'GradeCorrectionPolicy#processing?'
Completed 500 Internal Server Error in 4ms (ActiveRecord: 0.7ms (3 queries, 0 cached) | GC: 0.0ms)


  
Pundit::NotAuthorizedError (not allowed to GradeCorrectionPolicy#processing? this GradeCorrection):
  
app/controllers/grade_corrections_controller.rb:137:in 'GradeCorrectionsController#processing'
Started GET "/grade_corrections/16/review" for 127.0.0.1 at 2026-06-13 07:26:27 +0800
Processing by GradeCorrectionsController#review as */*
  Parameters: {"id" => "16"}
  [1m[36mUser Load (0.3ms)[0m  [1m[34mSELECT "users".* FROM "users" WHERE "users"."id" = 5 LIMIT 1 /*action='review',application='Q224',controller='grade_corrections'*/[0m
  ↳ app/controllers/application_controller.rb:13:in 'ApplicationController#current_user'
  [1m[36mGradeCorrection Load (0.2ms)[0m  [1m[34mSELECT "grade_corrections".* FROM "grade_corrections" WHERE "grade_corrections"."id" = 16 LIMIT 1 /*action='review',application='Q224',controller='grade_corrections'*/[0m
  ↳ app/controllers/grade_corrections_controller.rb:155:in 'GradeCorrectionsController#set_grade_correction'
  Rendering layout layouts/application.html.erb
  Rendering grade_corrections/review.html.erb within layouts/application
  [1m[36mUser Load (0.3ms)[0m  [1m[34mSELECT "users".* FROM "users" WHERE "users"."id" = 8 LIMIT 1 /*action='review',application='Q224',controller='grade_corrections'*/[0m
  ↳ app/policies/grade_correction_policy.rb:80:in 'GradeCorrectionPolicy#processing?'
  [1m[36mDiffRecord Exists? (0.3ms)[0m  [1m[34mSELECT 1 AS one FROM "diff_records" WHERE "diff_records"."grade_correction_id" = 16 LIMIT 1 /*action='review',application='Q224',controller='grade_corrections'*/[0m
  ↳ app/views/grade_corrections/review.html.erb:191
  [1m[36mDiffRecord Load (1.4ms)[0m  [1m[34mSELECT "diff_records".* FROM "diff_records" WHERE "diff_records"."grade_correction_id" = 16 ORDER BY "diff_records"."created_at" DESC /*action='review',application='Q224',controller='grade_corrections'*/[0m
  ↳ app/views/grade_corrections/review.html.erb:197
  [1m[36mCACHE User Load (0.0ms)[0m  [1m[34mSELECT "users".* FROM "users" WHERE "users"."id" = 5 LIMIT 1[0m
  ↳ app/views/grade_corrections/review.html.erb:210
  [1m[36mCACHE User Load (0.0ms)[0m  [1m[34mSELECT "users".* FROM "users" WHERE "users"."id" = 5 LIMIT 1[0m
  ↳ app/views/grade_corrections/review.html.erb:210
  [1m[36mProcessingNode Load (0.2ms)[0m  [1m[34mSELECT "processing_nodes".* FROM "processing_nodes" WHERE "processing_nodes"."grade_correction_id" = 16 ORDER BY "processing_nodes"."created_at" ASC /*action='review',application='Q224',controller='grade_corrections'*/[0m
  ↳ app/views/grade_corrections/review.html.erb:223:in 'Enumerable#each_with_index'
  [1m[36mCACHE User Load (0.0ms)[0m  [1m[34mSELECT "users".* FROM "users" WHERE "users"."id" = 8 LIMIT 1[0m
  ↳ app/views/grade_corrections/review.html.erb:239
  [1m[36mCACHE User Load (0.0ms)[0m  [1m[34mSELECT "users".* FROM "users" WHERE "users"."id" = 5 LIMIT 1[0m
  ↳ app/views/grade_corrections/review.html.erb:239
  [1m[36mCACHE User Load (0.0ms)[0m  [1m[34mSELECT "users".* FROM "users" WHERE "users"."id" = 5 LIMIT 1[0m
  ↳ app/views/grade_corrections/review.html.erb:239
  [1m[36mCACHE User Load (0.0ms)[0m  [1m[34mSELECT "users".* FROM "users" WHERE "users"."id" = 5 LIMIT 1[0m
  ↳ app/views/grade_corrections/review.html.erb:239
  [1m[36mCACHE User Load (0.0ms)[0m  [1m[34mSELECT "users".* FROM "users" WHERE "users"."id" = 5 LIMIT 1[0m
  ↳ app/views/grade_corrections/review.html.erb:239
  Rendered grade_corrections/review.html.erb within layouts/application (Duration: 9.7ms | GC: 0.4ms)
  [1m[36mUser Count (0.3ms)[0m  [1m[34mSELECT COUNT(*) FROM "users" /*action='review',application='Q224',controller='grade_corrections'*/[0m
  ↳ app/views/layouts/application.html.erb:71
  [1m[36mUser Load (0.1ms)[0m  [1m[34mSELECT "users".* FROM "users" WHERE "users"."id" != 5 /*action='review',application='Q224',controller='grade_corrections'*/[0m
  ↳ app/views/layouts/application.html.erb:88
  Rendered layout layouts/application.html.erb (Duration: 12.2ms | GC: 0.4ms)
Completed 200 OK in 15ms (Views: 9.9ms | ActiveRecord: 3.1ms (15 queries, 7 cached) | GC: 0.4ms)


Started GET "/grade_corrections/13/processing" for 127.0.0.1 at 2026-06-13 07:26:36 +0800
Processing by GradeCorrectionsController#processing as */*
  Parameters: {"id" => "13"}
  [1m[36mUser Load (0.7ms)[0m  [1m[34mSELECT "users".* FROM "users" WHERE "users"."id" = 5 LIMIT 1 /*action='processing',application='Q224',controller='grade_corrections'*/[0m
  ↳ app/controllers/application_controller.rb:13:in 'ApplicationController#current_user'
  [1m[36mGradeCorrection Load (0.3ms)[0m  [1m[34mSELECT "grade_corrections".* FROM "grade_corrections" WHERE "grade_corrections"."id" = 13 LIMIT 1 /*action='processing',application='Q224',controller='grade_corrections'*/[0m
  ↳ app/controllers/grade_corrections_controller.rb:155:in 'GradeCorrectionsController#set_grade_correction'
  [1m[36mUser Load (0.3ms)[0m  [1m[34mSELECT "users".* FROM "users" WHERE "users"."id" = 7 LIMIT 1 /*action='processing',application='Q224',controller='grade_corrections'*/[0m
  ↳ app/policies/grade_correction_policy.rb:80:in 'GradeCorrectionPolicy#processing?'
Completed 500 Internal Server Error in 6ms (ActiveRecord: 1.2ms (3 queries, 0 cached) | GC: 0.3ms)


  
Pundit::NotAuthorizedError (not allowed to GradeCorrectionPolicy#processing? this GradeCorrection):
  
app/controllers/grade_corrections_controller.rb:137:in 'GradeCorrectionsController#processing'
  [1m[36mGradeCorrection Pluck (1.4ms)[0m  [1m[34mSELECT "grade_corrections"."id", "grade_corrections"."application_no" FROM "grade_corrections" WHERE "grade_corrections"."current_owner_id" = 5 /*application='Q224'*/[0m
Started GET "/grade_corrections/12/processing" for 127.0.0.1 at 2026-06-13 07:26:55 +0800
Processing by GradeCorrectionsController#processing as */*
  Parameters: {"id" => "12"}
  [1m[36mUser Load (1.2ms)[0m  [1m[34mSELECT "users".* FROM "users" WHERE "users"."id" = 5 LIMIT 1 /*action='processing',application='Q224',controller='grade_corrections'*/[0m
  ↳ app/controllers/application_controller.rb:13:in 'ApplicationController#current_user'
  [1m[36mGradeCorrection Load (0.8ms)[0m  [1m[34mSELECT "grade_corrections".* FROM "grade_corrections" WHERE "grade_corrections"."id" = 12 LIMIT 1 /*action='processing',application='Q224',controller='grade_corrections'*/[0m
  ↳ app/controllers/grade_corrections_controller.rb:155:in 'GradeCorrectionsController#set_grade_correction'
  [1m[36mCACHE User Load (0.0ms)[0m  [1m[34mSELECT "users".* FROM "users" WHERE "users"."id" = 5 LIMIT 1[0m
  ↳ app/policies/grade_correction_policy.rb:80:in 'GradeCorrectionPolicy#processing?'
  Rendering layout layouts/application.html.erb
  Rendering grade_corrections/processing.html.erb within layouts/application
  [1m[36mDiffRecord Exists? (0.7ms)[0m  [1m[34mSELECT 1 AS one FROM "diff_records" WHERE "diff_records"."grade_correction_id" = 12 LIMIT 1 /*action='processing',application='Q224',controller='grade_corrections'*/[0m
  ↳ app/views/grade_corrections/processing.html.erb:210
  [1m[36mDiffRecord Load (0.4ms)[0m  [1m[34mSELECT "diff_records".* FROM "diff_records" WHERE "diff_records"."grade_correction_id" = 12 ORDER BY "diff_records"."created_at" DESC /*action='processing',application='Q224',controller='grade_corrections'*/[0m
  ↳ app/views/grade_corrections/processing.html.erb:216
  [1m[36mUser Load (0.2ms)[0m  [1m[34mSELECT "users".* FROM "users" WHERE "users"."id" = 8 LIMIT 1 /*action='processing',application='Q224',controller='grade_corrections'*/[0m
  ↳ app/views/grade_corrections/processing.html.erb:229
  [1m[36mCACHE User Load (0.0ms)[0m  [1m[34mSELECT "users".* FROM "users" WHERE "users"."id" = 5 LIMIT 1[0m
  ↳ app/views/grade_corrections/processing.html.erb:229
  [1m[36mCACHE User Load (0.0ms)[0m  [1m[34mSELECT "users".* FROM "users" WHERE "users"."id" = 5 LIMIT 1[0m
  ↳ app/views/grade_corrections/processing.html.erb:229
  [1m[36mAttachment Exists? (0.2ms)[0m  [1m[34mSELECT 1 AS one FROM "attachments" WHERE "attachments"."grade_correction_id" = 12 LIMIT 1 /*action='processing',application='Q224',controller='grade_corrections'*/[0m
  ↳ app/views/grade_corrections/processing.html.erb:236
  [1m[36mAttachment Count (0.2ms)[0m  [1m[34mSELECT COUNT(*) FROM "attachments" WHERE "attachments"."grade_correction_id" = 12 /*action='processing',application='Q224',controller='grade_corrections'*/[0m
  ↳ app/views/grade_corrections/processing.html.erb:239
  [1m[36mAttachment Load (0.2ms)[0m  [1m[34mSELECT "attachments".* FROM "attachments" WHERE "attachments"."grade_correction_id" = 12 ORDER BY "attachments"."created_at" DESC /*action='processing',application='Q224',controller='grade_corrections'*/[0m
  ↳ app/views/grade_corrections/processing.html.erb:242
  [1m[36mProcessingNode Load (0.4ms)[0m  [1m[34mSELECT "processing_nodes".* FROM "processing_nodes" WHERE "processing_nodes"."grade_correction_id" = 12 ORDER BY "processing_nodes"."created_at" ASC /*action='processing',application='Q224',controller='grade_corrections'*/[0m
  ↳ app/views/grade_corrections/processing.html.erb:273:in 'Enumerable#each_with_index'
  [1m[36mCACHE User Load (0.0ms)[0m  [1m[34mSELECT "users".* FROM "users" WHERE "users"."id" = 5 LIMIT 1[0m
  ↳ app/views/grade_corrections/processing.html.erb:289
  [1m[36mCACHE User Load (0.0ms)[0m  [1m[34mSELECT "users".* FROM "users" WHERE "users"."id" = 5 LIMIT 1[0m
  ↳ app/views/grade_corrections/processing.html.erb:289
  [1m[36mCACHE User Load (0.0ms)[0m  [1m[34mSELECT "users".* FROM "users" WHERE "users"."id" = 5 LIMIT 1[0m
  ↳ app/views/grade_corrections/processing.html.erb:289
  [1m[36mCACHE User Load (0.0ms)[0m  [1m[34mSELECT "users".* FROM "users" WHERE "users"."id" = 5 LIMIT 1[0m
  ↳ app/views/grade_corrections/processing.html.erb:289
  [1m[36mCACHE User Load (0.0ms)[0m  [1m[34mSELECT "users".* FROM "users" WHERE "users"."id" = 5 LIMIT 1[0m
  ↳ app/views/grade_corrections/processing.html.erb:289
  [1m[36mCACHE User Load (0.0ms)[0m  [1m[34mSELECT "users".* FROM "users" WHERE "users"."id" = 8 LIMIT 1[0m
  ↳ app/views/grade_corrections/processing.html.erb:289
  Rendered grade_corrections/processing.html.erb within layouts/application (Duration: 38.3ms | GC: 1.0ms)
  [1m[36mUser Count (0.4ms)[0m  [1m[34mSELECT COUNT(*) FROM "users" /*action='processing',application='Q224',controller='grade_corrections'*/[0m
  ↳ app/views/layouts/application.html.erb:71
  [1m[36mUser Load (0.2ms)[0m  [1m[34mSELECT "users".* FROM "users" WHERE "users"."id" != 5 /*action='processing',application='Q224',controller='grade_corrections'*/[0m
  ↳ app/views/layouts/application.html.erb:88
  Rendered layout layouts/application.html.erb (Duration: 42.4ms | GC: 1.5ms)
Completed 200 OK in 66ms (Views: 41.1ms | ActiveRecord: 4.9ms (20 queries, 9 cached) | GC: 1.5ms)


Started GET "/grade_corrections/14/processing" for 127.0.0.1 at 2026-06-13 07:26:55 +0800
Processing by GradeCorrectionsController#processing as */*
  Parameters: {"id" => "14"}
  [1m[36mUser Load (0.3ms)[0m  [1m[34mSELECT "users".* FROM "users" WHERE "users"."id" = 5 LIMIT 1 /*action='processing',application='Q224',controller='grade_corrections'*/[0m
  ↳ app/controllers/application_controller.rb:13:in 'ApplicationController#current_user'
  [1m[36mGradeCorrection Load (0.2ms)[0m  [1m[34mSELECT "grade_corrections".* FROM "grade_corrections" WHERE "grade_corrections"."id" = 14 LIMIT 1 /*action='processing',application='Q224',controller='grade_corrections'*/[0m
  ↳ app/controllers/grade_corrections_controller.rb:155:in 'GradeCorrectionsController#set_grade_correction'
  [1m[36mCACHE User Load (0.0ms)[0m  [1m[34mSELECT "users".* FROM "users" WHERE "users"."id" = 5 LIMIT 1[0m
  ↳ app/policies/grade_correction_policy.rb:80:in 'GradeCorrectionPolicy#processing?'
  Rendering layout layouts/application.html.erb
  Rendering grade_corrections/processing.html.erb within layouts/application
  [1m[36mDiffRecord Exists? (0.4ms)[0m  [1m[34mSELECT 1 AS one FROM "diff_records" WHERE "diff_records"."grade_correction_id" = 14 LIMIT 1 /*action='processing',application='Q224',controller='grade_corrections'*/[0m
  ↳ app/views/grade_corrections/processing.html.erb:210
  [1m[36mAttachment Exists? (0.6ms)[0m  [1m[34mSELECT 1 AS one FROM "attachments" WHERE "attachments"."grade_correction_id" = 14 LIMIT 1 /*action='processing',application='Q224',controller='grade_corrections'*/[0m
  ↳ app/views/grade_corrections/processing.html.erb:236
  [1m[36mProcessingNode Load (0.3ms)[0m  [1m[34mSELECT "processing_nodes".* FROM "processing_nodes" WHERE "processing_nodes"."grade_correction_id" = 14 ORDER BY "processing_nodes"."created_at" ASC /*action='processing',application='Q224',controller='grade_corrections'*/[0m
  ↳ app/views/grade_corrections/processing.html.erb:273:in 'Enumerable#each_with_index'
  [1m[36mCACHE User Load (0.0ms)[0m  [1m[34mSELECT "users".* FROM "users" WHERE "users"."id" = 5 LIMIT 1[0m
  ↳ app/views/grade_corrections/processing.html.erb:289
  [1m[36mCACHE User Load (0.0ms)[0m  [1m[34mSELECT "users".* FROM "users" WHERE "users"."id" = 5 LIMIT 1[0m
  ↳ app/views/grade_corrections/processing.html.erb:289
  Rendered grade_corrections/processing.html.erb within layouts/application (Duration: 9.6ms | GC: 1.0ms)
  [1m[36mUser Count (0.4ms)[0m  [1m[34mSELECT COUNT(*) FROM "users" /*action='processing',application='Q224',controller='grade_corrections'*/[0m
  ↳ app/views/layouts/application.html.erb:71
  [1m[36mUser Load (0.3ms)[0m  [1m[34mSELECT "users".* FROM "users" WHERE "users"."id" != 5 /*action='processing',application='Q224',controller='grade_corrections'*/[0m
  ↳ app/views/layouts/application.html.erb:88
  Rendered layout layouts/application.html.erb (Duration: 14.4ms | GC: 1.0ms)
Completed 200 OK in 18ms (Views: 12.6ms | ActiveRecord: 2.6ms (10 queries, 3 cached) | GC: 1.0ms)


Started GET "/grade_corrections?by_block=1" for 127.0.0.1 at 2026-06-13 07:27:08 +0800
Processing by GradeCorrectionsController#index as */*
  Parameters: {"by_block" => "1"}
  [1m[36mUser Load (1.3ms)[0m  [1m[34mSELECT "users".* FROM "users" WHERE "users"."id" = 5 LIMIT 1 /*action='index',application='Q224',controller='grade_corrections'*/[0m
  ↳ app/controllers/application_controller.rb:13:in 'ApplicationController#current_user'
  [1m[36mGradeCorrection Count (0.7ms)[0m  [1m[34mSELECT COUNT(*) FROM "grade_corrections" WHERE "grade_corrections"."block_reason" IS NOT NULL /*action='index',application='Q224',controller='grade_corrections'*/[0m
  ↳ app/models/simple_paginator.rb:8:in 'SimplePaginator#initialize'
  Rendering layout layouts/application.html.erb
  Rendering grade_corrections/index.html.erb within layouts/application
  [1m[36mGradeCorrection Count (0.5ms)[0m  [1m[34mSELECT COUNT(*) FROM "grade_corrections" /*action='index',application='Q224',controller='grade_corrections'*/[0m
  ↳ app/models/grade_correction.rb:126:in 'GradeCorrection.statistics'
  [1m[36mGradeCorrection Count (0.3ms)[0m  [1m[34mSELECT COUNT(*) FROM "grade_corrections" WHERE "grade_corrections"."status" = 'pending' /*action='index',application='Q224',controller='grade_corrections'*/[0m
  ↳ app/models/grade_correction.rb:127:in 'GradeCorrection.statistics'
  [1m[36mGradeCorrection Count (0.2ms)[0m  [1m[34mSELECT COUNT(*) FROM "grade_corrections" WHERE "grade_corrections"."status" = 'processing' /*action='index',application='Q224',controller='grade_corrections'*/[0m
  ↳ app/models/grade_correction.rb:128:in 'GradeCorrection.statistics'
  [1m[36mGradeCorrection Count (0.2ms)[0m  [1m[34mSELECT COUNT(*) FROM "grade_corrections" WHERE "grade_corrections"."status" = 'reviewing' /*action='index',application='Q224',controller='grade_corrections'*/[0m
  ↳ app/models/grade_correction.rb:129:in 'GradeCorrection.statistics'
  [1m[36mGradeCorrection Count (0.2ms)[0m  [1m[34mSELECT COUNT(*) FROM "grade_corrections" WHERE "grade_corrections"."status" = 'archived' /*action='index',application='Q224',controller='grade_corrections'*/[0m
  ↳ app/models/grade_correction.rb:130:in 'GradeCorrection.statistics'
  [1m[36mGradeCorrection Count (0.1ms)[0m  [1m[34mSELECT COUNT(*) FROM "grade_corrections" WHERE "grade_corrections"."status" = 'rejected' /*action='index',application='Q224',controller='grade_corrections'*/[0m
  ↳ app/models/grade_correction.rb:131:in 'GradeCorrection.statistics'
  [1m[36mGradeCorrection Count (0.3ms)[0m  [1m[34mSELECT COUNT(*) FROM "grade_corrections" WHERE "grade_corrections"."status" = 'returned' /*action='index',application='Q224',controller='grade_corrections'*/[0m
  ↳ app/models/grade_correction.rb:132:in 'GradeCorrection.statistics'
  [1m[36mCACHE GradeCorrection Count (0.0ms)[0m  [1m[34mSELECT COUNT(*) FROM "grade_corrections" WHERE "grade_corrections"."block_reason" IS NOT NULL[0m
  ↳ app/models/grade_correction.rb:133:in 'GradeCorrection.statistics'
  [1m[36mGradeCorrection Count (0.2ms)[0m  [1m[34mSELECT COUNT(*) FROM "grade_corrections" WHERE "grade_corrections"."notification_confirmed" = FALSE /*action='index',application='Q224',controller='grade_corrections'*/[0m
  ↳ app/models/grade_correction.rb:134:in 'GradeCorrection.statistics'
  [1m[36mGradeCorrection Pluck (1.1ms)[0m  [1m[34mSELECT EXTRACT(DAY FROM MIN(processing_nodes.created_at) - grade_corrections.created_at) FROM "grade_corrections" INNER JOIN "processing_nodes" ON "processing_nodes"."grade_correction_id" = "grade_corrections"."id" WHERE "grade_corrections"."status" = 'archived' GROUP BY "grade_corrections"."id" /*action='index',application='Q224',controller='grade_corrections'*/[0m
  ↳ app/models/grade_correction.rb:148:in 'GradeCorrection.calculate_average_processing_days'
  Rendered dashboard/_statistics.html.erb (Duration: 0.4ms | GC: 0.0ms)
  [1m[36mUser Load (0.2ms)[0m  [1m[34mSELECT "users".* FROM "users" /*action='index',application='Q224',controller='grade_corrections'*/[0m
  ↳ app/views/grade_corrections/index.html.erb:39:in 'Enumerable#map'
  [1m[36mGradeCorrection Exists? (0.2ms)[0m  [1m[34mSELECT 1 AS one FROM "grade_corrections" WHERE "grade_corrections"."block_reason" IS NOT NULL LIMIT 1 OFFSET 0 /*action='index',application='Q224',controller='grade_corrections'*/[0m
  ↳ app/views/grade_corrections/index.html.erb:62
  [1m[36mGradeCorrection Load (0.2ms)[0m  [1m[34mSELECT "grade_corrections".* FROM "grade_corrections" WHERE "grade_corrections"."block_reason" IS NOT NULL ORDER BY "grade_corrections"."created_at" DESC LIMIT 20 OFFSET 0 /*action='index',application='Q224',controller='grade_corrections'*/[0m
  ↳ app/views/grade_corrections/index.html.erb:64
  [1m[36mUser Load (0.4ms)[0m  [1m[34mSELECT "users".* FROM "users" WHERE "users"."id" IN (7, 5, 6) /*action='index',application='Q224',controller='grade_corrections'*/[0m
  ↳ app/views/grade_corrections/index.html.erb:64
  [1m[36mProcessingNode Load (0.3ms)[0m  [1m[34mSELECT "processing_nodes".* FROM "processing_nodes" WHERE "processing_nodes"."grade_correction_id" IN (13, 12, 11) ORDER BY "processing_nodes"."created_at" ASC /*action='index',application='Q224',controller='grade_corrections'*/[0m
  ↳ app/views/grade_corrections/index.html.erb:64
  Rendered grade_corrections/_grade_correction.html.erb (Duration: 0.6ms | GC: 0.0ms)
  Rendered grade_corrections/_grade_correction.html.erb (Duration: 0.3ms | GC: 0.2ms)
  Rendered grade_corrections/_grade_correction.html.erb (Duration: 0.1ms | GC: 0.0ms)
  Rendered grade_corrections/index.html.erb within layouts/application (Duration: 20.4ms | GC: 0.8ms)
  [1m[36mUser Count (0.4ms)[0m  [1m[34mSELECT COUNT(*) FROM "users" /*action='index',application='Q224',controller='grade_corrections'*/[0m
  ↳ app/views/layouts/application.html.erb:71
  [1m[36mUser Load (0.2ms)[0m  [1m[34mSELECT "users".* FROM "users" WHERE "users"."id" != 5 /*action='index',application='Q224',controller='grade_corrections'*/[0m
  ↳ app/views/layouts/application.html.erb:88
  Rendered layout layouts/application.html.erb (Duration: 23.2ms | GC: 0.8ms)
Completed 200 OK in 35ms (Views: 19.2ms | ActiveRecord: 6.8ms (19 queries, 1 cached) | GC: 0.8ms)


Started GET "/grade_corrections?q%5Bstatus_eq%5D=archived" for 127.0.0.1 at 2026-06-13 07:27:27 +0800
Processing by GradeCorrectionsController#index as */*
  Parameters: {"q" => {"status_eq" => "archived"}}
  [1m[36mUser Load (3.6ms)[0m  [1m[34mSELECT "users".* FROM "users" WHERE "users"."id" = 5 LIMIT 1 /*action='index',application='Q224',controller='grade_corrections'*/[0m
  ↳ app/controllers/application_controller.rb:13:in 'ApplicationController#current_user'
  [1m[36mGradeCorrection Count (1.1ms)[0m  [1m[34mSELECT COUNT(*) FROM "grade_corrections" WHERE "grade_corrections"."status" = 'archived' /*action='index',application='Q224',controller='grade_corrections'*/[0m
  ↳ app/models/simple_paginator.rb:8:in 'SimplePaginator#initialize'
  Rendering layout layouts/application.html.erb
  Rendering grade_corrections/index.html.erb within layouts/application
  [1m[36mGradeCorrection Count (0.7ms)[0m  [1m[34mSELECT COUNT(*) FROM "grade_corrections" /*action='index',application='Q224',controller='grade_corrections'*/[0m
  ↳ app/models/grade_correction.rb:126:in 'GradeCorrection.statistics'
  [1m[36mGradeCorrection Count (0.5ms)[0m  [1m[34mSELECT COUNT(*) FROM "grade_corrections" WHERE "grade_corrections"."status" = 'pending' /*action='index',application='Q224',controller='grade_corrections'*/[0m
  ↳ app/models/grade_correction.rb:127:in 'GradeCorrection.statistics'
  [1m[36mGradeCorrection Count (3.0ms)[0m  [1m[34mSELECT COUNT(*) FROM "grade_corrections" WHERE "grade_corrections"."status" = 'processing' /*action='index',application='Q224',controller='grade_corrections'*/[0m
  ↳ app/models/grade_correction.rb:128:in 'GradeCorrection.statistics'
  [1m[36mGradeCorrection Count (0.3ms)[0m  [1m[34mSELECT COUNT(*) FROM "grade_corrections" WHERE "grade_corrections"."status" = 'reviewing' /*action='index',application='Q224',controller='grade_corrections'*/[0m
  ↳ app/models/grade_correction.rb:129:in 'GradeCorrection.statistics'
  [1m[36mCACHE GradeCorrection Count (0.0ms)[0m  [1m[34mSELECT COUNT(*) FROM "grade_corrections" WHERE "grade_corrections"."status" = 'archived'[0m
  ↳ app/models/grade_correction.rb:130:in 'GradeCorrection.statistics'
  [1m[36mGradeCorrection Count (0.2ms)[0m  [1m[34mSELECT COUNT(*) FROM "grade_corrections" WHERE "grade_corrections"."status" = 'rejected' /*action='index',application='Q224',controller='grade_corrections'*/[0m
  ↳ app/models/grade_correction.rb:131:in 'GradeCorrection.statistics'
  [1m[36mGradeCorrection Count (0.2ms)[0m  [1m[34mSELECT COUNT(*) FROM "grade_corrections" WHERE "grade_corrections"."status" = 'returned' /*action='index',application='Q224',controller='grade_corrections'*/[0m
  ↳ app/models/grade_correction.rb:132:in 'GradeCorrection.statistics'
  [1m[36mGradeCorrection Count (0.2ms)[0m  [1m[34mSELECT COUNT(*) FROM "grade_corrections" WHERE "grade_corrections"."block_reason" IS NOT NULL /*action='index',application='Q224',controller='grade_corrections'*/[0m
  ↳ app/models/grade_correction.rb:133:in 'GradeCorrection.statistics'
  [1m[36mGradeCorrection Count (0.6ms)[0m  [1m[34mSELECT COUNT(*) FROM "grade_corrections" WHERE "grade_corrections"."notification_confirmed" = FALSE /*action='index',application='Q224',controller='grade_corrections'*/[0m
  ↳ app/models/grade_correction.rb:134:in 'GradeCorrection.statistics'
  [1m[36mGradeCorrection Pluck (1.1ms)[0m  [1m[34mSELECT EXTRACT(DAY FROM MIN(processing_nodes.created_at) - grade_corrections.created_at) FROM "grade_corrections" INNER JOIN "processing_nodes" ON "processing_nodes"."grade_correction_id" = "grade_corrections"."id" WHERE "grade_corrections"."status" = 'archived' GROUP BY "grade_corrections"."id" /*action='index',application='Q224',controller='grade_corrections'*/[0m
  ↳ app/models/grade_correction.rb:148:in 'GradeCorrection.calculate_average_processing_days'
  Rendered dashboard/_statistics.html.erb (Duration: 0.9ms | GC: 0.0ms)
  [1m[36mUser Load (0.6ms)[0m  [1m[34mSELECT "users".* FROM "users" /*action='index',application='Q224',controller='grade_corrections'*/[0m
  ↳ app/views/grade_corrections/index.html.erb:39:in 'Enumerable#map'
  [1m[36mGradeCorrection Exists? (0.4ms)[0m  [1m[34mSELECT 1 AS one FROM "grade_corrections" WHERE "grade_corrections"."status" = 'archived' LIMIT 1 OFFSET 0 /*action='index',application='Q224',controller='grade_corrections'*/[0m
  ↳ app/views/grade_corrections/index.html.erb:62
  [1m[36mGradeCorrection Load (1.0ms)[0m  [1m[34mSELECT "grade_corrections".* FROM "grade_corrections" WHERE "grade_corrections"."status" = 'archived' ORDER BY "grade_corrections"."created_at" DESC LIMIT 20 OFFSET 0 /*action='index',application='Q224',controller='grade_corrections'*/[0m
  ↳ app/views/grade_corrections/index.html.erb:64
  [1m[36mUser Load (2.6ms)[0m  [1m[34mSELECT "users".* FROM "users" WHERE "users"."id" = 6 /*action='index',application='Q224',controller='grade_corrections'*/[0m
  ↳ app/views/grade_corrections/index.html.erb:64
  [1m[36mProcessingNode Load (0.8ms)[0m  [1m[34mSELECT "processing_nodes".* FROM "processing_nodes" WHERE "processing_nodes"."grade_correction_id" = 10 ORDER BY "processing_nodes"."created_at" ASC /*action='index',application='Q224',controller='grade_corrections'*/[0m
  ↳ app/views/grade_corrections/index.html.erb:64
  Rendered grade_corrections/_grade_correction.html.erb (Duration: 23.3ms | GC: 0.0ms)
  Rendered grade_corrections/index.html.erb within layouts/application (Duration: 69.0ms | GC: 0.0ms)
  [1m[36mUser Count (21.0ms)[0m  [1m[34mSELECT COUNT(*) FROM "users" /*action='index',application='Q224',controller='grade_corrections'*/[0m
  ↳ app/views/layouts/application.html.erb:71
  [1m[36mUser Load (9.0ms)[0m  [1m[34mSELECT "users".* FROM "users" WHERE "users"."id" != 5 /*action='index',application='Q224',controller='grade_corrections'*/[0m
  ↳ app/views/layouts/application.html.erb:88
  Rendered layout layouts/application.html.erb (Duration: 134.9ms | GC: 0.0ms)
Completed 200 OK in 156ms (Views: 94.0ms | ActiveRecord: 46.6ms (19 queries, 1 cached) | GC: 0.0ms)


Started GET "/login" for 127.0.0.1 at 2026-06-13 07:27:38 +0800
Processing by SessionsController#new as HTML
  Rendering layout layouts/application.html.erb
  Rendering sessions/new.html.erb within layouts/application
  [1m[36mUser Load (0.8ms)[0m  [1m[34mSELECT "users".* FROM "users" /*action='new',application='Q224',controller='sessions'*/[0m
  ↳ app/views/sessions/new.html.erb:24
  Rendered sessions/new.html.erb within layouts/application (Duration: 6.1ms | GC: 0.0ms)
  Rendered layout layouts/application.html.erb (Duration: 8.0ms | GC: 0.0ms)
Completed 200 OK in 16ms (Views: 9.0ms | ActiveRecord: 0.8ms (1 query, 0 cached) | GC: 0.0ms)


Started GET "/cable" for 127.0.0.1 at 2026-06-13 07:27:38 +0800
Started GET "/cable" [WebSocket] for 127.0.0.1 at 2026-06-13 07:27:38 +0800
Successfully upgraded to WebSocket (REQUEST_METHOD: GET, HTTP_CONNECTION: Upgrade, HTTP_UPGRADE: websocket)
Started GET "/@vite/client" for 127.0.0.1 at 2026-06-13 07:27:38 +0800
Turbo::StreamsChannel is transmitting the subscription confirmation
Turbo::StreamsChannel is streaming from grade_corrections
  
ActionController::RoutingError (No route matches [GET] "/@vite/client"):
  
Started GET "/login" for 127.0.0.1 at 2026-06-13 07:27:50 +0800
Processing by SessionsController#new as HTML
  Rendering layout layouts/application.html.erb
  Rendering sessions/new.html.erb within layouts/application
  [1m[36mUser Load (0.7ms)[0m  [1m[34mSELECT "users".* FROM "users" /*action='new',application='Q224',controller='sessions'*/[0m
  ↳ app/views/sessions/new.html.erb:24
  Rendered sessions/new.html.erb within layouts/application (Duration: 9.9ms | GC: 0.0ms)
  Rendered layout layouts/application.html.erb (Duration: 13.5ms | GC: 0.0ms)
Completed 200 OK in 19ms (Views: 14.0ms | ActiveRecord: 0.7ms (1 query, 0 cached) | GC: 0.0ms)


Finished "/cable" [WebSocket] for 127.0.0.1 at 2026-06-13 07:27:50 +0800
Turbo::StreamsChannel stopped streaming from grade_corrections
Started GET "/cable" for 127.0.0.1 at 2026-06-13 07:27:50 +0800
Started GET "/@vite/client" for 127.0.0.1 at 2026-06-13 07:27:50 +0800
Started GET "/cable" [WebSocket] for 127.0.0.1 at 2026-06-13 07:27:50 +0800
Successfully upgraded to WebSocket (REQUEST_METHOD: GET, HTTP_CONNECTION: Upgrade, HTTP_UPGRADE: websocket)
  
ActionController::RoutingError (No route matches [GET] "/@vite/client"):
  
Turbo::StreamsChannel is transmitting the subscription confirmation
Turbo::StreamsChannel is streaming from grade_corrections
Started GET "/login" for 127.0.0.1 at 2026-06-13 07:28:00 +0800
Processing by SessionsController#new as */*
  Rendering layout layouts/application.html.erb
  Rendering sessions/new.html.erb within layouts/application
  [1m[36mUser Load (1.4ms)[0m  [1m[34mSELECT "users".* FROM "users" /*action='new',application='Q224',controller='sessions'*/[0m
  ↳ app/views/sessions/new.html.erb:24
  Rendered sessions/new.html.erb within layouts/application (Duration: 10.7ms | GC: 0.0ms)
  Rendered layout layouts/application.html.erb (Duration: 11.6ms | GC: 0.0ms)
Completed 200 OK in 15ms (Views: 11.0ms | ActiveRecord: 1.4ms (1 query, 0 cached) | GC: 0.0ms)


Started GET "/login" for 127.0.0.1 at 2026-06-13 07:28:32 +0800
  [1m[36mActiveRecord::SchemaMigration Load (0.7ms)[0m  [1m[34mSELECT "schema_migrations"."version" FROM "schema_migrations" ORDER BY "schema_migrations"."version" ASC /*application='Q224'*/[0m
Processing by SessionsController#new as HTML
  Rendering layout layouts/application.html.erb
  Rendering sessions/new.html.erb within layouts/application
  [1m[36mUser Load (12.5ms)[0m  [1m[34mSELECT "users".* FROM "users" /*action='new',application='Q224',controller='sessions'*/[0m
  ↳ app/views/sessions/new.html.erb:24
  Rendered sessions/new.html.erb within layouts/application (Duration: 30.4ms | GC: 0.0ms)
  Rendered layout layouts/application.html.erb (Duration: 36.2ms | GC: 0.0ms)
Completed 200 OK in 60ms (Views: 8.8ms | ActiveRecord: 29.9ms (1 query, 0 cached) | GC: 0.0ms)


Started GET "/cable" for 127.0.0.1 at 2026-06-13 07:28:33 +0800
Started GET "/cable" [WebSocket] for 127.0.0.1 at 2026-06-13 07:28:33 +0800
Successfully upgraded to WebSocket (REQUEST_METHOD: GET, HTTP_CONNECTION: Upgrade, HTTP_UPGRADE: websocket)
Started GET "/@vite/client" for 127.0.0.1 at 2026-06-13 07:28:33 +0800
  
ActionController::RoutingError (No route matches [GET] "/@vite/client"):
  
Turbo::StreamsChannel is transmitting the subscription confirmation
Turbo::StreamsChannel is streaming from grade_corrections
